evaluation,label
用了一段时间，感觉还不错，可以,正面
电视非常好，已经是家里的第二台了。第一天下单，第二天就到本地了，可是物流的人说车坏了，一直催，客服也帮着催，到第三天下午5点才送过来。父母年纪大了，买个大电视画面清晰，趁着耳朵还好使，享受几年。,正面
电视比想象中的大好多，画面也很清晰，系统很智能，更多功能还在摸索中,正面
不错,正面
用了这么多天了，感觉还不错。夏普的牌子还是比较可靠。希望以后比较耐用，现在是考量质量的时候。,正面
物流速度很快，非常棒，今天就看了电视，非常清晰，非常流畅，一次非常完美的购物体验,正面
非常好，客服还特意打电话做回访,正面
物流小哥不错，辛苦了，东西还没用,正面
送货速度快，质量有保障，活动价格挺好的。希望用的久，不出问题。,正面
非常漂亮，也非常清晰，反应速度也快。,正面
很不错家里都喜欢。。。一次买了三台,正面
送货非常快！质量非常好，这次购物非常愉快！！,正面
58好大……都不错。看质量咯,正面
物流很快，物有所值，值得信赖。依旧会关顾！谢谢商家！,正面
这价钱超值，收到货马上装上看了一下。很清晰式样也蛮好！赞赞……,正面
目前感受还不错,正面
速度快、服务态度很好,正面
挺好的，物流也快，两天就到了,正面
发货速度快,正面
送货很快，安装服务也很好,正面
质量很好，物流服务到位,正面
看4k这款确实比普通屏好很多，感觉比较明显，价格的话双12搞活动比较给力，就是百视通的资源与腾讯视频比还是有点差距，客户自己装一个！,正面
便宜，能用，这个价格可以。,正面
给我妈买的，妈妈很开心说很好，说快递小哥态度很好。给好评。,正面
性价比极高的一款电视机，值得 拥有,正面
电视不错 晒单： 收起 向左转 向右转,正面
还不错啊，高端大气上档次，外观喜欢。,正面
还不错,正面
这台电视是给远在家乡的父母买的。父母年纪大了，这种简单的操作系统比较适合他们。搞活动半夜下的单子，第二天就送到了，安装简单，系统运行速度也很快。各种类别节目都很齐全，清晰度很好。父母反应很满意！,正面
蛮好的。物美价廉。我同事看我买了也买了两台。还包上门安装。,正面
挺好的，就是感觉买小了，应该买43寸的,正面
不错，很好,正面
相信日本品牌，品质放心。,正面
好，一次不错的选择，非常清楚，非常好。,正面
给奶奶买的，奶奶很喜欢。送货的服务也不错哦。,正面
挺不错的 画面清晰 外观既好看又时尚,正面
给老爸卧室买的，质量很不错，第一次买夏普，网络直接连接，送了一年的爱奇艺，不错,正面
给姑姑买的卧室电视，不错哦。上门安装加挂架多付80而已。姑姑很满意,正面
服务很好，,正面
价格便宜，性价比挺好，刚刚开始用,正面
电视收到了，很好，质量好，色彩也好，安装师傅也有耐心！棒棒！,正面
电视不错，屏幕够大。,正面
电视到货很久了，今天才安装好，很激动，效果很好，京东物流也很给力，必须给五分?,正面
还不错,正面
宝贝收到了，发货速度很快，价格实惠，包装完整，非常满意！,正面
京东家电正品低价服务到家,正面
京东值得信赖,正面
58寸！你想象不的视觉体验！操作界面简单，遥控的语音识别很是不错，影片库也很全，从最新的到最热的，从此爱上看电视！,正面
为电视的问题考虑了半天，从LG换到三星，最终选择了索尼。没有usb3.0和hdmi2.0的电视，以后必然难以支持4K60帧的视频，这个价位选索尼没毛病,正面
团购比平时便宜2O0元，抵,正面
快递物流好，自行安装底座很方便，由于不是高清机顶盒缘故，接有线电视图像一般，其他图像非常好。投屏功能很好用，操作界面整洁，把新电视屏幕的保护膜撕掉，画面十分鲜艳，连接wifi后，测试了一下，很满意，非常愉快的一次网购体验！ 晒单： 收起 向左转 向右转,正面
"电视相当不错，12月18号下的单，19号下午收到的，足以证明火爆程度。总结了以下几点:一、65H7全金属机身、（后面塑料）视觉无边框，我比较喜欢，无边界方显大视野； 25核处理器，2G DDR4+8G FLASH，配置好电视才能运行快；虽说内存不是很大，剩余内存不到4个g，应该也够用 。二、电视外表整体做工还行， 拥有HDR技术，广色域技术，4K MEMC，色彩好，拥有HDR技术，广色域技术，4K MEMC，画质清晰音质也还好 杜比解码+DTS解码，立体环绕音效，搭载酷开系统5.8。三、对比很多，其他电视只有屏幕和资源拿的出手，防抖什么的就绝口不提，反而创维65H7能在这个价位加上MEMC,相当良心，所以还是选了创维。四、电视也今年5月份刚上市，虽说对电视没有多大了解，都是网上查看，电视用的cpu也是去年新出（至于好坏我也不懂，看了很多，大家可以自己查看）五、对供应商客服很满意，纠结了好几天，有什么问题都问到供应商客服，而且每次都是耐心及时给回答，对于这点体验很好，相信售后也很给力的。安装也相当给力，当天下午到货，晚上就装上了，还免安装费。",正面
此用户未及时评价，系统默认好评。 2017-12-01 17:17:15 追加： 很清晰，音质很好,正面
外观很漂亮，画质和声音都非常不错,正面
安装完成，开始用起来，感觉还不错,正面
电视很完美，看起来也很漂亮。边框窄，整体观看效果比普通的LED电视好很多。安装师傅很给力，送货师傅也很给力。五星好评。,正面
非常不错的电视机，价格也便宜，飞利浦，大品牌,正面
很好，送货很快，满意,正面
一如既往的好评…拍来送人的。朋友很满意。,正面
还不错哦，送货很快，提前一天就送来了,正面
不得不佩服京东的配送速度，太快了，现在基本都在京东买了，又便宜又好,正面
物美价廉,正面
超高性价比！性价比简直是无敌！虽然造工比不上大品牌，但价格低啊，找不到比这便宜的了。不过想看的都要会员啊，晒单送我3年会员试试看好啦?！,正面
双十一的时候给自家买了台55x3邻居看到后很喜欢，双十二让我帮他买了台43的，还不错支持暴风,正面
值得购买,正面
性价比很高！,正面
不错,正面
非常好，好评,正面
宝贝很好哟，买之前一直担心电视的质量问题，用了一段时间后才明白那是多余的担心，质量没有任何问题，杠杠的，值得信赖。,正面
老品牌，我信任，看着不错啊。,正面
很轻 感觉 挺单薄 不过价格也便宜 对得起 这个价格了,正面
送货快服务及时，态度很好，非常满意！,正面
12月4日零点抢的，12月5日中午前就送到，刚买完的第二天早上8点半就有客服打电话过来确认订单的情况 及物流的时间选择发送，虽然时间太早，但还是感觉很贴心。第二，收到货后，马上打创维的客服热线，下午4点左右不到就家来安装完毕。整个购物体验非常棒。安装的师付也说这电视不错。就是后来加了一条创维的原厂线158元的高清线。以前机顶盒不是高清线。所以，我还是给了5分。,正面
飞利浦的电器不用说 ，质量杠杠的,正面
东西不错，值得拥有。。。。。q,正面
送给姐姐乔迁新居的礼物，今天到货并安装好了。京东服务非常细心，电视也完好正常，姐姐很满意!,正面
画面清楚、质量保证,正面
画面清晰 师傅安装很好很快 满意,正面
双11 949元买的，价格实惠，能用就行。,正面
显示效果很棒，音质一般般！放在店里用，屏幕大，性价比还可以吧，虽然别其他品牌的贵一点，但资源多！整体做工一般，塑料感挺强的，家里用的话不建议这款！接口比较丰富。整体中规中矩！晒图的视频是超清画质，开启杜比音效的效果，供大家参考！ 晒单： 收起 向左转 向右转,正面
挺好的,正面
东西不错，就是货运特别慢，多次打电话才送到。,正面
挺好的,正面
老家乡里的电视被小娃娃弄坏了，一直都想换一个新电视 在京东上看了又看等到双十一的时候也没下手心里还有些后悔 直到前几天看到风行电视在搞活动果断下单 昨晚师傅送货到家安装好了 电视效果不错 清晰 声音洪亮 物美价廉 希望风行能够越做越好 越做越大,正面
刚开箱试机，屏幕质地很好，画面清淅度高，功能很全，这个价格很值了！,正面
便宜实惠，就是色彩的鲜艳度差了点，如果要求不高还是可以接受的,正面
还是不错的，反应还是比较快的！！！ 晒单： 收起 向左转 向右转 2017-12-10 21:54:20 追加： 电视外观挺不错的，玫瑰金的边框彰显美感。电视遥控操作起来也很方便，遥控器不错，比较灵敏！还会继续购买！！ 收起 向左转 向右转,正面
正品，很好，经常买,正面
不错,正面
还不错。性价比挺高的,正面
果然超薄，也没有太多发热，双十二下单，除了送货时间久点，其他都不错,正面
不错,正面
电视不错，大品牌没问题，比较清晰,正面
使用了两周，效果不错,正面
物流就是赞。服务态度好 ，开箱检查确保没问题。已上电测试，没问题，清晰度好。,正面
电视还没安装，等待安装。不过看着挺好的,正面
确实是没有辜负期望，值得购买，信赖大！,正面
给父母买的，还不错。不亏是小米。,正面
物流可以，装机也快捷，不错,正面
快递送货快，售后服务态度很好，安装师傅上门安装，耐心细致讲解疑问。电视清晰度高，音质不错。暂时没有发现问题。,正面
相信创维的品质，所以购买。收到货比较满意，边缘即使有一点没有全屏，不影响视觉，取出电视后会有指纹留在电视屏幕上面，一般的布可以擦处，比电脑屏幕容易擦拭，其实可以打包出售贴膜，这样小孩子不会好奇一直留指纹到屏幕上，擦拭更容易。遥控比较好用，不看说明书都会使用了，这一点出比我想象的好。视觉满意，在意听觉效果的需要加上音响。本来担心电视会碎屏，收快递现场验货没有这个问题，满意的一次购物！,正面
电视机不错，就是买小了，夏普是没有退换这一说的，除非是大问题，让师傅开签定单，自己的原因，莫得法子，服务和性能肯定都是好评的，相信京东，全部的大件都是京东自营，?东继续加油哦?懒得拍照片，就只拍了一下空调的，嘿嘿,正面
值得购买！功能强大，效果非常不错！,正面
宝贝收到了，包装很完整价格实惠，非常满意的一次购物经历！,正面
宝贝一级棒！师傅也太负责了！好评！,正面
电视质量不错，色彩鲜艳 ，放客厅刚刚好，客服态度也不错。,正面
挺好的，性价比高,正面
，电视机很好。价格便宜服务好，电视显示效果还可以，,正面
电视不错的。送货上门，暂时还没有安装,正面
本人双11买的 这个电视 外观好看 档次高 我的型号是创维65寸H7超薄的 昨天刚开机 电视给我感觉就是小了一点 我本来打算放客厅 现在放 卧室了 我房间要买创维100寸的蓝牙遥控器 随意切换一点都不卡，点什么都是秒出来 好看 大气我还要 再买一台100寸的.真的好喜欢他的架子 就是好看 不卡 大气 买的你放心 买的你安心 买的你绝对不后悔走过路过 千万别错过 支持买 买买 差不多了 我去忙了 非常好,正面
电视收到了显示屏非常清晰，价钱实惠非常满意,正面
物流客服都很给力，比想象的还大，画面也清晰。,正面
曲屏就是比一般的屏清晰，价格还不贵,正面
年会奖品，屏幕色彩不错,正面
终于等到了他的到来，还没看呢，但是之前的小米电视感觉不错,正面
物流就是快 东西也是正品,正面
电视和想象的差不多！海尔大品牌，值得信赖，客服态度好！有啥事立马解决！非常喜欢，值得大家购买，过几天追评,正面
觉得是物有所值，首先送货速度和送货态度都非常满意，然后打开电视，确实做工精细，画面流畅清晰，操作也很人性化。总之，比较满意！,正面
性价比超高，非常划算，而且机器也不错，满意！,正面
物超所值,正面
开箱通电后没啥问题，送货的师傅还是很负责的。曲面屏的确上档次。自己上几颗螺丝安装了，希望不要出问题。,正面
"今天下单中午就到,速度快,下午马上安装!晚上就能看!神速!",正面
感觉不错，装起来美的很，现在只想看电视了，什么都不想干,正面
还很便宜值得这个价格很好,正面
产品很好，目前很满意。但我支付的2年售后服务没有任何凭证，我不知如何取得，请告知,正面
挺不错的，价钱实惠,正面
漂亮，大气，物超所值！,正面
东西不错。很薄很轻。,正面
送货上门超级快，特别给力，自己装上了，特省事特方便，真的太超值了，爸妈特别喜欢。电视操作很简单，主要遥控器方便。视频好多电视剧，可以开开心心大屏追剧。哈哈哈哈哈京东就是快，风行就是好,正面
物美价廉哈，真行不错，下次自己房间再买,正面
物流很快，显示效果也非常不错。,正面
用过一段时间，才来评价。电视很清晰，设计漂亮。很满意的一次购物，感谢京东！谢谢送货小哥！,正面
很好，两点下单上午就到了，服务很好。,正面
京东超级会员，在京东买了好多东西，一直很好，售后还是物流都很满意，东西超级喜欢,正面
物流很快，到货后，第二天安装，用的WiFi看，效果不错。3999买的，物有所值，比去商场买感觉省时，省力，省不省钱，目前不知，估计应该贵不到哪去，也懒的去比价了。,正面
产品质量可以,正面
电视机效果非常好，颜色出彩。画面清晰流畅。另外客服七喜、阳光、坚果的服务也很到位，棒棒哒。,正面
硬屏的图像清晰，性价比高，希望后期不要出什么质量问题,正面
妈妈说，电视机不错，用一段时间再说呗,正面
电视机很满意，大小也正好，画质，音色都不错，很棒。 另外橘子，西瓜客服棒棒哒,正面
不错的小米电视，便宜！质量也不错哦！性价比很高 晒单： 收起 向左转 向右转,正面
东西收到了快递很给力，就是什么配件都没有，连最起码的数据线都没有,正面
挺好的！跟想象中的差不多！物流也快！送货师傅也很好！,正面
整体效果很好，性价比超高！,正面
安装师傅很负责，说是空心墙，多加了几颗螺丝固定。电视试看了下感觉不错。 晒单： 收起 向左转 向右转,正面
挺好的,正面
电视非常好，京东送货非常快，安装师傅也非常负责，态度很好，屏幕非常清晰，价格也非常合理，主要给孩子买来看动画片，不愧是4k非常清楚，孩子很喜欢，而且非常薄，总之非常满意,正面
很好用，色彩很好，简单易用,正面
电视给父母买的，父母觉得很满意,正面
给妈妈买的送货超级快，免费安装，送货人员服务也很热情，安装师傅很用心，给妈妈耐心讲解，妈妈说画面很清晰，内容也很丰富，在家里放着也不大，不占地方，挺好的电视,正面
就不上图了 一句话还不错,正面
卧室用的，画面挺清晰，但是不能离近看，否则颜色会很诡异，安装师傅挺好的,正面
京东就是好，速度快，送货师傅认真负责，售后安装态度好,正面
非常满意，双十二抢的，卧室以后也买这种,正面
还可以吧！还没用 看着挺不错的！物流也挺快 ！,正面
东西很好，经常在京东买东西……,正面
1.新疆的，送货很及时，态度也很不错。2.安装需要安装费，可能是比较远，不过没有让他安装，自己装的。3.电视很清晰但有时屏幕下面部分有些许花，时间很短，可能是网的问题，过段时间再看看。,正面
双12买的电视～发货速度很快～第二天就送到家里了～当时打电话安装师傅很快就到了～外观很漂亮～图像清楚！关键是前期服务确实不错～,正面
海尔大品牌。售后不错，用着放心。,正面
快递服务好，好高大,正面
实惠值得购买，性价比高，下次再光顾,正面
电视收到了，画面超清晰,正面
早上下单，一天后就收到货。自己拿着底座装好，第二天早晨起来打开电视看了两个大片，色彩绚丽，音质很好，非常满意！,正面
电视不错，后面的借口有弊端，电视挂墙后连线顶着墙了！,正面
电视机不错，音响效果好，画质清晰。我是双十一买的，双12的前两天我才收到货，打了好多投诉电话，让我很不开心，耽误了一个月的时间。安装工得态度不错，服务也好，给安装工点个赞?,正面
送货快，安装快！,正面
大品牌 防静电包装 值得信赖！,正面
暴风电视蛮清楚的，外观也漂亮，性价比可以,正面
看起来还不错，电视剧很大的,正面
很好的购物体验，产品更是没得说，画质，音质，绝对是物超所值！！,正面
今天刚收到货，还不错,正面
电视已经收到货，整体来说，操作界面很清晰，很简洁。会用普通电视遥控器，就能熟练操作风行电视。电视画面非常清晰，应用包含许多内容，比如，电影，综艺，幼儿卡通等等。屏幕大，我今年双12下的单，活动价买的非常超值，晒单还给价值1500多元的风行3年的金牌会员，更超值啦。这个电视值得购买，一定推荐给身边的朋友。,正面
我老妈可喜欢这电视了，不错，不错，五星好评,正面
电视到了，很不错，安装很方便。但是送儿童会员月卡还没送，客服说到时会发短信给我,正面
就是薄，看着非常不错。,正面
挺好的，是我喜欢的！,正面
东西收到了，京东发货太快了，不错！,正面
非常好的电视使用满意,正面
不错！很好用！视觉效果很棒！,正面
电视不错，很喜欢,正面
双十二抢购，价格很优惠，第二天就送到安装，特意用了几天才来评价。39寸放小客厅里正好，画面清晰，资源丰富，是部值得推荐的好电视！,正面
屏幕非常清晰,正面
物超所值 晒单： 收起 向左转 向右转,正面
物流快，大电视看着就是舒服！,正面
京东客服商家客服都好！电视有点问题当天反馈第二天就来换新！售后好！打电话就来！京东值得信赖！,正面
不错，值。,正面
电视还没开始用，今天师傅上门安装在了墙上，超赞！,正面
小米官网比这里贵一块钱，嘟嘟嘟诺诺头，用起来非常好。祝福我俩同学看着电视和和美美，幸福永久！,正面
好 挺不错的 很薄不占地方,正面
不错，很好，性价比很高，值得推荐购买，做工精致,正面
好，用了很长时间才来评论，很清晰,正面
买给爸妈还不错,正面
东西十分不错，很实用，还会再买,正面
真的，很好，京东快递不用说，两天就到了，送货上门，服务态度很好，这电视买值了，很清晰，儿子挺喜欢看电视的，连接无线网是也挺流畅的，特地使用几天之后再来评价的，,正面
电视很棒。,正面
价格便宜，值得购买,正面
饥饿营销，永远都是抢购的节奏，性价比还是挺高的，至于质量只有用过的才知道！,正面
70寸，刚好够大。清晰度不错，希望质量没问题！ 晒单： 收起 向左转 向右转,正面
不错不错,正面
一共买了六台，创维的电视值得信赖，客服的态度也是棒棒的,正面
刚到，43q2型号，清晰度好，没有破损，遥控灵活，声音清脆，快递一早就送货上门通电，等待师傅上门安装。,正面
双十一买的特意用了这么久才来评价，确实很满意，上门安装师傅服务也很好??，后期回访也很认真！十分满意的网淘！！！,正面
质量超级棒价格便宜,正面
非常满意全部五星好评！,正面
京东秒杀，1349抢的，应该是39寸里面相当便宜的一款了，下单后，第二天就送货上门非常快，家中急着用，没预约就自己装了，座装就安装两个支架，很方便。打开电视机，连上家中wifi，马上就能使用，色彩也不错。不足的应该在于自带的片源，与bestv合作，但片源不能说高清，还是要自己安装应用。插上家中的模拟信号线也没有问题。,正面
非常满意,正面
送货快 画面清晰 功能齐全 价格便宜,正面
无线网络连接很方便，16：9大屏幕看电影太爽了，自带应用很多好看视频，遥控器手感很好。,正面
服务好,正面
京东真的很快昨晚下单，今天早上就送到了。,正面
东西已收到，第二次买还是三星，客服人很好谢谢!物流很快送货的小哥认真负责人很好帮开箱通电.画壁电视很漂亮，特别是边框。非常好,正面
用了一段时间，感觉还不错。画质挺清晰的。感觉还算不错吧！,正面
飞利浦的电视很不错。色彩真好。,正面
非常满意！！！！！！！！,正面
东西还不错，质量比较让人放心,正面
宝贝不错，音质效果都很好。,正面
很不错，双十一买的，屏幕大，分辨率完全足够了，平时看电视和电影都可以享受，遥控器很简洁，家里老人要学习一下。总体满意！,正面
感觉挺不错的，声音和画质还行，就是得找4k的片源，用以前的一些比较小的视频看起来感觉模糊了，分辨率好高啊,正面
宝贝收到很好，再来物流也快。,正面
给外婆买的，屏幕色彩很清晰，非常不错的！,正面
第一次在京东购买电器，8号下单，9号就收到货了，电视画面清晰，棒棒的，安装师付很热情，服务周全。五分好评,正面
东西很是实惠哦,正面
电视便宜,正面
比想象中大，而且不露光，安装师傅也没有收费，看了几天感觉不错,正面
屏幕大 屏幕色彩也算OK 开机慢 音响有点闷声 相比风行49寸的 我更喜欢风行还送3年会员 我家一共买了三台 小米65曲面放客厅 风行49次卧 风暴50放主卧 还是风行给我感觉最好4k 音响也棒 速度快 送会员三年 资源多 晒单： 收起 向左转 向右转,正面
电视不错，就是刚买上就降价啦，还好申请了价格保护,正面
日日顺物流服务号。速度很快。第二天就到了。,正面
好评 买了两台 都开箱验机了 账号也登录看过了 周末找人来安装 对小米的印象越发好了 用段时间后回来追评,正面
电视很不错，家里还没办网，就连电脑放了几个视频，效果很不错，后续使用情况再追评。,正面
商店用来做展示用的，符合预期。面积大，三星屏色彩层次都不错，4K分辨率已经是必须的了，再回头看原来42寸，已经没法看了。输入接口也够用，如果加上DP，遥控器声控就完美了。顺便提醒，机配喇叭只能基本发声，如果要和这个漂亮的屏匹配，建议加一套音箱。效果就出来了！感觉超值的是有大量4K节目，爽爆！还有体育和少儿类的也是不错的，值得推荐！,正面
货已收到。物流速度快！包装完整。画质清晰。,正面
58寸的电视果然超级大，画质音质也很好，总之很不错?,正面
电视机比较清晰，很不错,正面
以这个价位来说不错了，在期望值内,正面
"客厅小,这个49寸的刚好,50的性价比不好.11号下单,12号送到,标准京东速度,由于只安底座,送货员给开箱,通电,无任何问题,签字,几分钟搞定.底座安装简单4颗螺丝。电视看了几天。电视整体是塑胶黑色的，窄边，画面质量好,我用的天威,高清很清楚.电视自带的节目资源很多,动画片,电视剧,综艺，电影都不错。家里移动20M的宽带，播放流畅。",正面
爸妈非常满意、超级清晰、好评、,正面
质量很好，服务态度也很好，很满意的一次购物！,正面
电视不错挺好的,正面
老公帮叔叔买的~小米的品牌一直喜欢 这次价格还可以,正面
显示效果很好，色彩还原真实鲜艳，价廉物美的好东西。关键是送三年会员很实惠，用三年会员就够了，三年后肯定有更好的电视出来了。,正面
飞利浦的值得信赖，用了一段时间没有什么问题，就是安装调试居然是收费的⊙﹏⊙,正面
刚开始对比了好几个牌子，最终选择TCL，老品牌的东西质量可以放心，主要是他们家的音箱好，打开试了确实不错，做工很精细，外观也上档次，对得起这个价钱，性价比很高。快递小哥很给力，我们这电梯还没运行，小哥直接抗上楼，早上送来下午安装，服务很到位，对这次网购非常非常满意。5星好评。,正面
大品牌，质量很好，价格便宜，活动价买的,正面
师傅包送上村，四楼，很热情，给个赞，安装调试是要收点费用的。很喜欢，价格美丽，高清，窄边框，客服很热心，解决所有疑问，回复很快，赞一个。55英寸看着真的很大气。,正面
不错,正面
还不错，老人家在家，物流和安装也很给力，送货当天就安装好，老爸还特意量了尺寸，和规格说明是一样的尺寸，具体效果和质量待后续使用！,正面
东西很好,正面
外观很大气，很薄，安装师傅服务很好,正面
效果不错，性价比很高,正面
挺好的，老人看听清楚,正面
很不错，价格实惠，画质好，暂时没问题,正面
放在门店里使用，系统流畅 显示清晰，不错，不错,正面
当天下单，第二天早上就送到了，确实不错，摆在客厅，高端大气 晒单： 收起 向左转 向右转 2017-12-29 09:47:04 追加： 昨晚看了一晚上的电影，超爱，以后爸妈可以慢慢的消磨时间了，比较了好几个互联网品牌，还是风行性价比高，这么便宜的价格能买到，真值。 收起 向左转 向右转,正面
电视不错 挺清楚的 声音也不错 索尼就是好,正面
好给力！颜色鲜明，值得买！,正面
不错很好就是放在我家三楼有点摆不下太大了点,正面
终于收到我需要的宝贝了，东西很好，价美物廉，谢谢卖家！说实在，这是我购物来让我最满意的一次购物。无论是卖家态度还是对物品，我都非常满意的。卖家态度很专业热情，有问必答，回复也很快，我问了不少问题，他都不觉得烦，都会认真回答我，这点我向卖家表示由衷的敬意，这样的好卖家可不多。再说宝贝，正是我需要的，收到的时候包装完整，打开后让我惊喜的是，宝贝比我想象中的还要好！不得不得竖起大拇指。下次需要的时候我还会再来的，到时候麻烦给个优惠哦！,正面
满意的一次购物~家里装修新房了~接近尾声了想买个大点的电视充个门面~也经常上网购物~我这个人毛病多~对画质和音质有绝对的要求~最开始关注家里的老牌子TCL~去商场看中了TCLc2堪称完美~可是价格有点高~回家网上找电视突然发现了雷鸟~了解才知道是TCL的子品牌~第一印象就是底座~很漂亮~果断下单~因为前期没有网络~下电影试了试~很清晰~memc运动补偿就是想要的效果~和朋友家的c2做过对比~系统界面一模一样~画质一样~音响效果一点不比哈曼卡顿的差~主要是性价比非常高~非常开心?~强力支持雷鸟~,正面
物流很快,正面
买第二次了，非常不错。,正面
1.双十一买贵了，退了250； 2.屏幕看着不太好，有点渣……不过相对价钱还是很划算的； 3.安装人员真的服务很好，进门两次，自带鞋套，耐心帮我找安装合适高度！点赞?安装费100，挂架99很便宜了。 4.安装后米家app还可以控制电视，有点屌,正面
电视价钱很实惠，快递的速度很快两天到货很赞，京东服务很好电视买回来有一段时间了挺清晰的，在实体店是买不到这么好的东西的支持支持风行。,正面
使用了20多年康佳，还是那么好。快递小哥也很到位，提前联系，到货安装，调试都很到位，赞一个,正面
大品牌，就是不一样!,正面
电视收到了 包装很完好 感觉很厚实 外观很好 边框薄 要是黑色会更显薄 开机速度很快 各种界面切换很流畅 可以看出系统强大 总之很好,正面
配送速度很快，农村也可以及时送到，不得不佩服强大的配送网络，支持东哥,正面
不错。,正面
物超所值，售后服务态度非常好，,正面
很大 很不错，喜欢了 双11买的很便宜，酷开是创维旗下的 品质也很有保障，安装师傅也很快就预约安装，服务不错。,正面
电视机收到了，京东发货很快,正面
我买了两个风行电视，本来买给老人用的，因为便宜，但是装好开机以后发现这也太好了吧，性价比很高，屏幕很好色彩很好，尤其是遥控器，特别好，哈哈哈，不错不错，以后还买风行吧，片源好像也很多。专业做电是的品牌真心棒！哈哈,正面
电视不错，价格合理，画面很清晰。,正面
信价比非常高，质量第一不愧为国字号大品牌机，售后服务服务完美开票也很快。我家大，中，小三台电视机都是TcL品牌。值得推荐,正面
送人的，不错。。,正面
"双12购买的，第二天到货安装，在网上比较了海信、长虹及其他几个品牌，最后选择创维65H7。感觉65H7功能强大，A73的CPU比较前卫，内存ddr4，相同价格里都没这种配置，电视机整体设计时尚，显示效果很惊艳，HDR,4KMEMC不是吹的,U盘上电脑考的4K高清片源,清晰度非常好，色彩非常鲜艳，看起来好有立体感，身临其境感觉，特别是图片显示，也是4K高清图，色彩异常靓丽。酷开5.8的系统，系统响应速度很快，资源挺多的。全金属机身，视觉无边框，25核处理器，2GDDR4+8GFLASH，配置好电视才能运行快；电视外表整体做工还行，拥有HDR技术，广色域技术，4KMEMC，色彩好，拥有HDR技术，广色域技术，4KMEMC，画质清晰音质也还好杜比解码+DTS解码，立体环绕音效，搭载酷开系统5.8。安装师傅，服务态度很好，安装比较专业，耐心的教如何使用。京东购物是正确的选择。好评！！！！",正面
电视非常漂亮，价格也很便宜，真是太好了，大大的赞?,正面
说真的这个显示器真心不错。,正面
电视不错很清楚，有时候会卡！,正面
不错,正面
物流发货速度还是挺快的，值得推荐给大家,正面
给父母买的，父母挺满意的，挺高大上的，推荐购买,正面
不错。美观,正面
质量很好，就是下载的影视很少，开机有点慢。,正面
电视非常漂亮，图像清晰，值得购买。 晒单： 收起 向左转 向右转,正面
好评！,正面
朋友觉得不错 很喜欢,正面
还没开箱，应该不错，使用后再评论。,正面
给家里老人买的，很不错哦，价格实惠,正面
挺好的，还没安装，送货速度快,正面
电视图像很清晰，质量保证价格也合理；物流也很快；大家放心购买！,正面
外观大气，系统流畅。内置工具丰富，购物非常满意！,正面
挺不错，电视比我想象中大，快递必须点赞，半夜还在忙着送货。,正面
可以不错的东西，索尼公司别出太次的东西了，免得让人失望，丧失了对品牌的信任。,正面
品质好，服务也很贴心,正面
双十一的时候对比了好多款电视，最终选择了这款风行的电视，师傅送到家里之后，试用半个月才来评价的，画面很清晰，电影电视资源很丰富，可以看最新更新的电影和电视，用移动的网络很流畅，一点都不卡，性价比超高的！,正面
回来就试机了，画质清晰。外形美观大气，原来放32寸电视柜全占满了。物流服务非常到位。高清节目更是表现的细致入微，没有卡顿和模糊。小孩以前喜欢看手机，现在回家只要看电视，说跟教室里的一样大。手机换屏非常好玩?下个软件就能做到。带蓝牙功能比别的牌子性价比高。下手别犹豫。,正面
电视机不错，双十一的价格也不错，但安装师傅的收费与网页上的价格不同，送货、安装是同一个人，不清楚是谁的问题，最后电视机是自己安装的。,正面
这是一款性价比超高的智能网络电视机，又是沪深上市公司兆驰股份正规大厂生产的电视机。京东配送速度很快而且支持开箱通电验货，安装人员也很专业。智能电视机的电视内容是和BesTV合作的，电视内容丰富精彩。很满意！,正面
宝贝很好！海尔售后服务态度一流的棒！信赖京东，信赖国产大品牌！买电器上京东！,正面
对安装师傅的服务非常满意，还是加班给安装的，谢谢了！,正面
快递很准时，服务也好，电视屏幕画面很清晰，音质做工很好，没有瑕疵，客服也能耐心解答，希望耐用，,正面
非常满意的产品，家人都喜欢,正面
爸妈房子刚装完，筹划给他们买个电视。我用的是几年前买的夏普，当时46寸的价格就要14k+，直下式LED，显示效果相当好。但据说现在的夏普已经不是当年的夏普了。将目光转移到大法，同样只考虑直下式LED，兼具性价比，锁定了7000D系列。联系了了京东安装，费用100元，比起sony厂家便宜多了。京东的一大优势就是报价，买完碰上双*特价，先后保价2次，便宜了将近200元，加上用-211券，总共不到*，划算！,正面
做活动买的，挺实惠,正面
电视屏幕大，总的来说不错，用来连接电脑当显示屏使用，遥控器反应迟钝，经常链接不上电脑，用来看电视应该没问题。,正面
很好，不错,正面
还不错，喜欢???,正面
不错,正面
自营家电品质有保证，暴风电视，非常实惠，性价比很高,正面
电视不错，外观也漂亮，好评好评。,正面
买了送人的，大小很合适，送货很快，包装也不错的,正面
很不错的一款商品，很满意,正面
东西还没用，感觉性价比高，质量好，外观很高大上，搞活动买的很划算。,正面
非常愉快的一次购物，昨天下的单子今天就到货，安装师傅比较细心，复合很好，京东给力，夏普给力！,正面
非常超值的平板电视，大小刚合适，4K高清确实效果好，操作方便，片源丰富，百事通很爽，再买两个小的放卧室，绝对的高性价比之王，买对了。,正面
这电视不错，价钱便宜，服务一流，辛苦了快递员，要求加工资。,正面
不错。师傅态度很好。安装顺利。电视机也很满意,正面
买回来给店里用的，但还没装修完，不知道怎么样。价格还不错，刚好搞活动买的，比较值！,正面
很好的一次网购，快递速度超快，安装师傅服务很好，电视开机速度快，音质很优越，这个价格性价比超高，还送三年售后，极力推荐购买。不愧大厂出品。,正面
风行电视关注很久了，这个电视心仪已久想买一年多了，今年赶上双12，这个价位买到量子点4k真是超值，性价比超高。产品品质服务及物流都超赞?真好，等我的兆驰涨到6元就再买个大的,正面
是在做活动是买的还是很优惠 物流速度很快 京东物流必须赞一个 上门的装修师傅很亲和 售后也很耐心 购买体验是非常不错的 画面还是蛮清晰 而且遥控器反应速度快 看电影看电视剧都可以下一个当贝影视快搜搜得到 而且风行的这款电视在网上的评论也都是蛮好 属于高性价比的那一种,正面
什么也不说，绝对5星，我在网上经过几天的评比还是决定对暴风50X下手，11号下单12号下午就到，京东之快，送货员还在我家门口等了二十几分钟，不但没生气还同我把电视检查无质量问题才付款，我自己不会装座架（笨）就打电话给京东，十几分钟就来人免费安装了，服务一流，电视图像音效都让我很满意，我决定今后都在京东购物了。,正面
质量完美快递速度快服务态度超级好,正面
双12买的小米4，55寸，4.9mm超薄电视，中间电视出现点问题，后来妥善解决了，试看了不错，语音功能非常先进挺好的,正面
不错哦！大气欧美潮流！,正面
电视收到了，屏幕分辨率很高。建议大家购买。,正面
画质清晰，音响效果好，屏幕大 ，装在房间里，感觉在看电影一样的！,正面
物美价廉，快递真快，售后服务好,正面
还不错。给爷爷奶奶用够了,正面
去年买了一台，今年又给老家里一次买了两台，性价比不错，推荐,正面
挺好的，看的很清晰，给老人买的，大小也比较合适。就是安装的时候别再单收60元上门费就更好了。这钱收的让老头很不爽，不如揉在电视里。,正面
朋友在这家店买了说很好.我果断买了两个.物流超快.昨天下单今天就到了.插电连个无线网就可以用.很舒服很方便！,正面
送货员，非常给力，一直等到调试好才走,正面
第一次京东买电视，收到了后功能还很多，很满意的一次大家电。,正面
特价满便宜的，挂在房间墙上不显小，看过再来追评,正面
感觉还好，晚上下单，隔天就送到了！,正面
电视机很快就收到了，感谢送货师傅冒雨送货，辛苦了。电视机外观很漂亮，图像清晰，超级满意。,正面
物流真不错，特别的快，而且价格也可以。最主要是送货上门，真心给力，希望越办越好。让我们也能得到更多的实惠。,正面
电视的质量一路既往的好非常不错,正面
给新装修的店里买的电视，送货师傅和安装师傅的服务都很到位，安装完调试好师傅才走，以后电视还买TCL,正面
还不错吧，索尼的牌子还是过硬的,正面
一天就到了，约了师傅来调试也调试好了，总体来说还不错，性价比挺好的,正面
第二次在京东买大家电了，配送及时服务好。看了两三天才来评价！满意5星。,正面
电视非常完美，这是第三台了。之前怕质量画面。用过之后放心了。加上京东自营的商品，质量售后更有保障。还有三年VIP会员。超值。,正面
风行电视，里边新电影更新不见快，比电脑的还快，内容很丰富，不错的选择,正面
电视清晰度高，色彩好。暴风的售后不错哦。底座装不上，打了售后电话解决了。,正面
买来准备新房用的，发货物流都很快，安装师傅也很及时来安装。目前还没使用，用了再来追评。,正面
不错,正面
收到，物流很快，电视还没有安装先给好评！,正面
双11买下的，今天新家装好网线，特意用过后再来评价，画质很清，音效收听也很清。物流超快的，服务态度好好，保护着电视帮我通电验收，比我还紧张哈哈。安装师傅也非常好，由于没零钱，还少收了我10块安装费,正面
老人比较满意，长虹电器都不错,正面
质量好，画质清晰，不错,正面
配置色值都不错，千元机值得入手。,正面
很好，性价比很高。。。。,正面
电视机很不错的，很赞的,正面
只能说早买早享受了，原本的打算是买32寸的，其实也就是在卧室用的，后来看了一下，全高清屏，不买这个还买啥，确实好棒，画面清晰，送货及时，都是很好的一次购物。放蓝光片也清晰的不得了。好，很好。,正面
双12买的，便宜100块钱。还算可以吧。,正面
可以，颜值高，颜色鲜艳靓丽，不足处蓝牙遥控器按快电视跟不上，而且放久了有点微微卡顿,正面
父母很满意，显示效果不错,正面
电视不错价格超级便宜实惠,正面
质量可以，画面清晰流畅～,正面
质量还不错，配送速度快！,正面
小米电视很给力 也清晰,正面
不得不说安装人员服务态度很好，我双十一下的单，13号就通知我收货，由于我上班没有时间接收，和配送员沟通后，特地调了时间送货，安装也特别专业。之前选了好多牌子作比较，最后选定了创维。开箱验机，外观设计很漂亮，超薄，屏幕清晰度高，不刺眼，并且语音功能超级喜欢。特别适合老人和孩子，电视机反应灵敏，一点都不卡。挂在影视墙上，特显档次。价格很接地气，性价比很高，比实体店便宜很多。电视机真的很不错，真的很不错，支持国货！很愉快的一次购物。,正面
不错,正面
大品牌就是让人放心，京东的送货又快又好。送货员等了我二十多分钟态度一样的好。,正面
非常漂亮的电视机，比商场便宜多了，可以的,正面
发货快，物流迅速，送货入户贴心，通电试机看了下效果，还不错，其余功能性能等挂好用段时间再评论吧。这里要对TcL批一下，一个挂架而已，竟然踢出标配名单，搞得需要的还得另外掏银子买！鄙视！,正面
买了三台了，很不错，打游戏机很爽。主要是屏很清晰，比之前的电视清晰多了，配上索尼的游戏机很棒，足球游戏细节很到位，总之，棒棒棒，值得买,正面
特意使用半个月后才来评价的，图像很清晰，没有卡顿，可以装的软件很多，家人都很满意，视频泛白可能是手机问题，实际效果比照片还好。很满意，11月活动买的很划算。,正面
不错，很清晰，音质也可以,正面
不错不错，速度挺快，挺清晰的，物流给力，外包装完整，花了150元装了挂墙,正面
东西是好东西,正面
还不错，看起来也可以，也不贵，自己觉得物有所值，。。。特意买了对比了一下，不错，还可以弄u盘。。。。,正面
电视机够便宜，清晰度高，大小适合，非常满意。还送三年会员。,正面
还不错，物美价廉,正面
送货快，不是我用的，所以应该没问题吧。,正面
还不错！效果不错,正面
不错，还没连网，很期待，高清，还会在来的。,正面
东西很好，价格很便宜 做工很细致 用着很不错 我很满意。,正面
电视很给力啊，完美屏，没有任何坏点和漏光，画质清晰，声效也非常好。关键是做工很精细，不输任何一家电视大厂，总体性价比非常高,正面
双12拍的电视，15号上午就到了。快递小哥搬进来仔细的开箱验外观。售后服务也很到位，打电话安装，不一会就来了。由衷的感谢。电视画质真心的不错。互联网电视挺方便。孩子的儿童节目随便看。总的来说是一次愉快的购物。,正面
电视反映速度快，价位与物品成正比。准备再买一台放父母房间里！,正面
家电都在京东买，质量好，快递态度很好。信赖京东,正面
超值，现在的价格买不到了，客厅刚合适,正面
不错不错！,正面
宝贝收到了，非常满意，创维值得信赖。,正面
电视还没用，价格挺实惠,正面
与预期相符，非常满意，0k,正面
给朋友买的、反馈说很不错、这个价格也很划算、,正面
送货速度很快，东西质量也很好，好评?,正面
画面很清晰,正面
目前看来还不错，值得购买，看起效果也很好，清晰。,正面
送货很快，师傅来了就按照我们的要求直接把电视挂墙上了，非常好！,正面
不错,正面
很喜欢，物流超棒，配送人员服务很好,正面
电视前天晚上下单，昨天上午都送过来了，快递很赞，等安装好了再来追评,正面
这款电视特别不错，画质特别清晰。画面特别不错。相当喜欢。49英寸也显得特别大气。很薄。跟我家的客厅很配！外观很舒服。电视的内容也特别多，很好看。电影种类很多。总之一万个满意！！！ 2017-12-23 17:56:59 追加： D49Y。特别不错的一款风行电视。,正面
电视不错，画面清晰，孩子们很喜欢，曲面屏效果不错，和以前的电视好多了，做工也不错,正面
"因为搬新家所以购买了创维58H7　58寸电视。58h7，cpu是a73，内存ddr4，电视机整体设计时尚，显示效果很惊，4K高清片源,清晰度非常好，色彩非常鲜艳，看起来好有立体感，身临其境感觉，特别是图片显示，也是4K高清图，色彩异常靓丽。酷开5.8的系统，系统响应速度很快，资源挺多的。视觉无边框，我比较喜欢，无边界方显大视野；2GDDR4+8GFLASH，配置好电视才能运行快；电视外表整体做工还行，拥有HDR技术，广色域技术，4KMEMC，色彩好，拥有HDR技术，广色域技术，4KMEMC，画质清晰音质也还好杜比解码+DTS解码，立体环绕音效，搭载酷开系统5.8。科技感太强了，图像超清晰，音效也超级棒，关键是后台内容也很丰富，非常满意。相信品牌的力量，物美价廉，这款电视做到了!",正面
清晰度不错，就是能安装的应用太少了，还以为和智能盒子一样呢，不知道能不能用U口安装其他应用,正面
"H7系列电视性价比应该是领先的，造型漂亮，够大，安装师傅也比较职业，好的电视挂架不便宜啊。采用GOP技术无边框设计，12mm薄款机身，搭配25核超强配置（2CPU+6GPU+5VPU+12协处理器），2G DDR4运行内存和8G存储内存，保证电视运行基本无卡顿现象，功能包括有HDR高动态光照渲染技术使得画面更真实更艳丽，广色域技术让电视色彩过渡更加自然,MEMC运动补偿技术看高速画面减少拖尾。",正面
发货快,正面
电视还不错！创维电视加京东物流,正面
性价比高，大品牌，值得信赖，很满意！,正面
因为双十一销量太大，十二月份才到货，不过感觉还是值得等的，很好的电视，物美价廉，包装用心，还能通电验机。一，4K屏幕很清晰，用屏幕检测软件试了一下，没有坏点，灰阶和色彩过度很好，音质也可以。二，影视资源很丰富，2g+8g的配置也确保了后续的升级，可以装更多的软件。再说一下不好的地方，一，开机广告有半分钟，而且开机之后过十几秒才开始放广告，所以基本上是开机之后四五十秒才能用。二，屏幕不是很鲜艳，但也很不错了，毕竟价格在这儿放着，不可能比三星的画质还好。总体来说，这是很值得推荐的一款电视，或许没有特别出挑的地方，但综合考虑起来绝对是很物美价廉的一款。,正面
性价比很高，放大厅很霸气，值得拥有,正面
东西收到了， 价格很实惠 ， 买到很开心， 越来越好,正面
很不错的一款电视,正面
东西很好好，价格也便宜，还是很给力的啊。,正面
不错,正面
电视机太棒了,正面
价格实惠，电视很好，快递服务周到。,正面
色彩很好，价格不贵，要求不能太高,正面
价格优惠，质量也好，现在已经装好了,正面
我18号订货，笫二天送到了家，物流也很快，给力，暴风电视好，想买电视就买暴风电视，系统好质量非常棒，送货又快又好，我喜欢祝财源滚滚生意兴隆。值得信籁,正面
手机下单隔天就到了，好快！打开纸箱发现电视真的超级大，不愧是55英寸！金属脚架做工扎实，金属边框窄，很有质感，看起来大气。画质超高清，色彩艳丽，播放流畅不卡顿，4K不是盖的。电视片源也很丰富，有得看了，哈哈！另外屏幕右下角有信号源、频道、音量等键，可以直接按，很方便啊！,正面
三年前自家买了一台索尼，画质很清晰，这台给爸妈新家买的，非常满意，索尼质量就是好,正面
电视够清晰，直接送到家 ，非常满意,正面
物流不是那么快，也许是因为双十一，但是京东买的洗衣机早就到了，这个电视等了好久好久，唉，不过宝贝期间出现瑕疵 就是咨询客服比较麻烦来回换人，然后一个问题对不同的客服重复很多遍，最后还得耐着性子反馈，最后还是换货了，对小米还是很信任的，家里四五个手机都是小米的，售后还可以，对售后上门的小哥很满意，态度好！,正面
电视挺好用的，安装师傅服务也很到位,正面
性价比高，质量也很好，老品牌值得信赖。,正面
很不错，小孩子很喜欢！质量用后再追评,正面
送货速度快，服务态度好，品质有保障，物美廉价，值得购买,正面
已经安装好使用了，显示效果很好，很清晰,正面
先给个好评吧，还没装，到时候在追评,正面
送货速度很快。联系上门安装也很方便。出租房利器，以后搬新房了，也打算搬过去。液晶实在没必要追求名牌，大概是差不多的面板线，区别不大。功能也很齐全，没有坏点亮点，很满意。开始眼睛还有点不适应，现在越看越喜欢了，性价比很高,正面
电视颜色好，音响效果比想象好，价格便宜，相当满意，物超所值。。。。,正面
挺好的,正面
样式非常好看，质量不错送货速度很快，京东值得信赖，买家电上京东！,正面
物流很快电视色彩比海信同价位的好多了,正面
整体不错,正面
快递员一个人送货 很辛苦 安装人员热情细致 电视也很好,正面
电视机不错，就是开机太慢…,正面
不错， 性价比较高,正面
物超所值。。。。,正面
双十一当天买的都用了一个多月才评价了，配送师傅上到上门的，马上领了90天会员，一般好看的片或者是粤语片都要会员才能看，系统一点都不卡除非网络不好，在这一个月影片都更新了二次，最新的电影都有得看，但前题是会员才行，还可以手机装个APP放便找片子，如果能实时看电视频道估计什么机顶盒都不用了，总体评价是五颗星，缺点就是怕免费会员过了没片看，哈哈哈,正面
送货快。安装快，服务态度特别好，家人非常满意,正面
物流配送到家 质量很好 价格实惠,正面
京东快递不用多说，又好又快，让人放心。 去年自己买的超四X55，用着很爽。当时对比了许多，还是互联网品牌性价比高，现在还是倾向于此。鉴于乐视今年的****，本来选择了小米4超薄，可能现有技术的局限，从侧面看屏幕有多条阴影，小米技术人员鉴定说是背光灯的问题；难以接受，所以退货了；不过小米售后服务还是很赞的！ 最后还是回头看乐视，在超四X55和超四X55M之间纠结，一个3899，一个3599，接着四号活动抢了几次，终于3399抢到后者。 这是给我哥们买的，一块自己安装的，对比研究，就是55M比55机身内存32GB变16GB，音箱不是哈曼卡顿认证，但是屏幕进行了优化。实际观看体验超赞，超级会员的4K超清资源，随意快进快退，不到一秒的缓冲，大家还是应该相信乐视致新，选择乐视电视。 后面两个是小米4,正面
不错...,正面
物流送货很给力昨天下单今天送到，送货师傅很负责任开箱验机，安装师傅随后就打电话过来安装调试，真是一条龙服务啊？这尺寸放卧室首选，风行电视真心不错，希望以后能更好，相信风行相信京东！,正面
之前买了一台，这台是双11活动买的，比那一台便宜，但是我还是不想给好评，因为你们客服对顾客打去的要求退差保价的态度太有问题了，京东服务越来越差！差差差！,正面
电视收到了，发货速度真快。双12中午买的，第二天就到了。价格很便宜。屏幕很大，外观很霸气，家人很喜欢，色彩很正，字幕很清晰。操作很简单，喜欢的赶快下手抢购吧。,正面
昨天晚上下的单，今天就收到电视了，还不到24个小时，的配送真是大赞。送货小哥服务非常热情，调试好了才走。电视尺寸大小挂在卧室正合适。电视屏分辨率非常好、图像清晰，色彩非常鲜艳。电视自身带的软件非常丰富，还可以通过商城下载软件，使用起来非常方便，由于电视自身运行内存较小，在加载节目时会有段缓存时间，可以理解。这个价位能买到这个品质的网络电视，性价比已经非常高了。看评论说电视看网络节目有闪退现象还很担心，目前没有发现，希望以后也不要出现。,正面
很好很满意，,正面
不错,正面
价廉物美，很不错，非常满意。,正面
电视是不错，就是他家的售后太牛了，熬到12号00：00终于下好单了，扔下手机就睡了，结果刚睡半小时就被售后吵醒了，问什么时候送货，让人抓狂，我就想说你们急成什么样子了，不能等到白天时再打电话，你们不睡顾客不睡觉吗？,正面
新房子，第一件大家电。是我喜欢的这种，性价比高。 晒单： 收起 向左转 向右转,正面
启动快，清晰度尚可。无坏点，屏幕周边在黑暗环境稍微有点漏光。但不影响。,正面
加了好几个品牌的在购物车 最后还是选择索尼 大品牌的 音质 色彩都不错 比较满意,正面
电视很喜欢。比想像中好很多哦。棒棒的。,正面
物流就是棒，第二天就收到了，打开看看，非常不错，而且购清,正面
产品外观美观，质量不错，喜欢,正面
不错……看起来很大气……,正面
买东西就上 质量好 售后好 主要是物流真快啊 早上买下午到 还有谁 网购就上,正面
师傅上门安装好了，不错。,正面
电视很清晰，自带的应用看电视也很不错，就是没有直播，没有央视！目前支持的机顶盒有点儿少（电视内部系统直接支持的电视机顶盒），我用的移动乐播就没有支持，只能用机顶盒的遥控器控制！总体来说还是不错的，支持动态补偿，性价比也算网内最高的了！值得购买！,正面
非常满意，朋友都说好实惠，摆在店里很大气！,正面
帮父母买的 送货师傅服务很好 提前一天就联系了 送货上门后也进行了认真的开箱检查和售后方面的交待。,正面
电视不错。打了电话以后安装师傅很快上门。,正面
第一次在京东买电视，此电视色彩艳丽，电视效果还可以，就是视频状态每次开机还要选择一下，不方便，物流很快。,正面
送货快，快递员还给试了屏幕才走。还没安装，用后追评。,正面
挺好的听清楚，的服务很周到送货上门不说，还都给试好,正面
电视还行安装师傅很好,正面
性价比高，和实体店的一样，价格合理，是正品，物流很快，送货师傅态度好。总之好,正面
很好，非常不错,正面
电视真的很棒！，画面音质都很满意，那个叫什么何先生快递员也很负责人，虽然只是负责送货，但是我不懂怎么使用，他会很耐心给我讲解，很乐意耐心地为我解答，比小米客服棒多了，小米客服一句话就叫我换，不负责任！不多说，五颗星！,正面
非常好,正面
还好不错，清晰度还行，总得这个价格这个电视还好，运货也快捷。有无问题再来。,正面
电视不错不错,正面
很清晰，家人很喜欢,正面
双十一买的，很划算，就是发货比较久，其他的挺好,正面
前几天买了3年多的50寸乐视超级电视电源主板坏了，就想着给家里客厅换台更大的网络电视，以前帮父母家买过创维电视，7年了一点都没问题，就继续支持国产了。 选了65寸，大小刚刚好。外观漂亮。速度嘛够用啦！通过悟空遥控器可以装直播软件，算是破解了。价格有点小贵，希望也能用的长久！,正面
电视机第二天就到了，安装完了，打开看看，画质很漂亮，音色有好，很满意的购物。感谢全体成员，我会一直支持你们，你们的服务是一流的。 晒单： 收起 向左转 向右转,正面
妈妈看了说挺不错,正面
全五星，送货快，还便宜，下次需要还来买。,正面
新房子快拿钥匙了，想买个电视，风行电视是朋友推荐的！送黄金会员非常贴心，每年能省去好几百块费用！ 本来想弄个65寸的放客厅结果到货打开后感觉太大了，看着不适应，性价比挺高也就不退了，拉回老家看，又买了个49寸的，放客厅感觉很不错…… 说说电视屏幕听清楚，大的音响效果比小的好一点，而且65的金边也感觉比49的上档次，系统很流畅，片源特别多，好多新片，还有好多4K，非常好！ 电视中规中矩但是价格真心实惠，性价比很高……值得信赖,正面
给父母买的，电视显示清晰，物流很快，自己安装的，京东质量放心。,正面
买了两风行电视了，这台适合放在卧室哦，很多年前用电脑时候就用风行软件看美剧电影，现在用风行大电视更爽，风行电视做工很好，物超所值。如果明年双十一还有活动我还会再来买。哈哈,正面
快递小哥一大早就送到家了，验货后迫不及的开机观看，但是地方小，可能还要购买伸缩挂壁，儿子就要看动画片啦，4k超清大屏，49寸大很和心意，老公看了很久了，终于等到降价，马上入手！相信风行电视，质量有保证！旧电视淘汰啦，这下宽带不用凉在这啦，又可连wifi看喜欢的电视啦！ 晒单： 收起 向左转 向右转,正面
听说有点大。没有看到实物给屋里买的。相信索尼。京东自营确实快。没得话说小镇也送的到很准时不错,正面
电视看了一段时间了！挺好的！清晰度还不错,正面
性价比高，图像逼真。,正面
电视整体看起来不错，图像清晰,正面
我是双十一入手的，先说说我的习惯，一般都是对想要买的价位区间机型反复对比选个性价比最好的，雷鸟电视是我对比出来的同价位最优的选择，先说说运存是两g的，一般运存是1.5，然后别看cpu核数，看主频，雷鸟的主频也是同价位无敌的。很值得入手。 再说说我的实际运行优点。 1.大阔气，三千出一点点头的电视有如此做工赞一个。 2.清晰度，对比度同价位最优，我说的是四千以内，你要非拿某尼一万多对比当我没说，色差基本不太挑剔可以满足需求。 缺点:音响，没有3.5m音响插头，只有数字音响插头，我图片上有一张是蓝牙适配器，只能蓝牙连接了，因为电视的音响实在差的可以，我是比较挑剔音响效果的，自己配的惠威音响立即感觉上去了，如果你对音响效果有需求，建议单独购买音响。 总结:总体来说这款雷鸟绝对对得起它的价格，性价比四千以内无敌存在，最后说一句，没开机广告，没开机广告，没开机广告，如此良心公司造的如此电视你还在等什么？速速前来,正面
电视挺好，我小时候家里第一台电视就是14的熊猫黑白电视。这一次给岳父买的，他二老很满意。,正面
物流很快，飞利浦老牌子，配送人员很专业，安装很简单，,正面
服务态度好，速度又快 晒单： 收起 向左转 向右转,正面
爸妈超级喜欢，迫不及待的安装上了，清晰度好美观大方，客服更没的说，商家刚发出货，我这边就按错了，确认收货了，很担心的，怕收不到货，客服一路给我发货物已到什么地方，不必担心，信誉一级棒，,正面
不错,正面
快递挺给力的，电视边边角角包装的都很好。到了就安起来看了，很高清，满意哟,正面
风行电视是朋友介绍的，给家人买的，性价比高。感觉还错，毕竟价位在哪是吧。家人很高兴，但愿能用的长久。的快递真心不错，服务也好。,正面
电视很清晰，安装师傅安装不错。发货速度很快，满意推荐购买,正面
物超所值,正面
非常不错！！！！！！！！！,正面
帮朋友买的，三星电视图像清晰，挂在卧室合适。京东自营发货快，晚上拍第二天上午到，真的好快哦！,正面
第一次买风行电视，买了一部*寸的，放在客厅感觉还可以，儿童节目也多，画面清晰流畅，不卡机，这个价格买到这样的电视感觉很值得。,正面
这是我用过性价比比较高的一款家庭电视了，年轻人的第一台电视，夏普屏色彩不错，赞赞赞，希望风行越做越好，刚拿到的时候屏幕那个保护幕一定要小心撕不然弄得边有胶难清理，望厂家改进，自带音响音质一般，挺喜欢的一款智能电视，希望用久了不会卡！！！！！！先用用，刚拿到，后续加评使用心得！,正面
用了一个多月才来评价，这台电视剧用的确实不错，色泽很好看起来很舒服，内存很大可以装不少软件，我装了百度网盘，优酷，腾讯视频，全部都是手机版的，用悟空遥控器配合原机遥控器一起。全部都能看高清视频，很爽。不过有个问题是用手机版看电影，如果直插网线就会显示是手机数据网络，有的软件就看不到高清，要用上wifi网络，才能看高清。还有就是投屏看也很爽。这两千多块钱真是超值了，唯一遗憾的是当时没有买到五年保修。,正面
还不错,正面
双十一买的优惠比较大……嘻嘻哈哈哈哈?！各种功能正在研究，主要是功能太多了！第一天下单，第二天电视机就送到了。明白我的意思吧物流超级快，由于我不在家，父亲收的货，他是更不会用了还是年亲人用比较好！这个65寸的大屏实在是太刺激了、玩游戏贼爽！,正面
东西收到了，不错，很喜欢！京东速度就是快，昨天晚上下单，今天就收到货了，而且快递员服务态度挺好，货物给送到楼上，还帮忙开箱验货，电视机不错，刚开始还怕买大了，到家很满意，通电试机效果不错，支持风行！,正面
画质好,正面
小米电视性价比高，暂时还没有使用，测试是OK的,正面
因为我自己双十一买了台55寸的、觉得很不错、双十二给哥哥买了台43寸的、原本想买49寸的、结果49寸当天停售一样的、浙江台州、武汉全没货、没办法就买了43寸的,正面
电视跟描述的一样很不错，因为出差没有评价及时也拍不了照片抱歉，客服和快递小哥服务态度超级好，回家再追评,正面
这款电视性价比最高，颜色不错，看来不愧是三星屏，想买大屏电视的朋友可以考虑。,正面
产品很好值的.不错很好的产品值的推荐好,正面
还不错的，视觉效果很好,正面
很不错的商品，可以升级的模块，大尺寸电视 晒单： 收起 向左转 向右转 2017-12-11 21:56:20 追加： 什么鬼，假4k，坑die呢 收起 向左转 向右转,正面
非常好，小窄边,正面
很不错的，相信京东！,正面
1.新疆的，送货很及时，态度也很不错。 2.安装需要安装费，可能是比较远，不过没有让他安装，自己装的。 3.电视很清晰但有时屏幕下面部分有些许花，时间很短，可能是网的问题，过段时间再看看。,正面
发货速度还是不错的，电视也拿出来看了，感觉还行，希望能用久点吧,正面
房子刚装修好，迫不及待就要我公司电工帮我安装好了，画面很清晰，信赖康佳老牌子同时也支持国货♥ 晒单： 收起 向左转 向右转,正面
货收到，画面清晰清满意,正面
东西不错，画面也不错，很流畅，就是没用过三星的产品，有点不习惯。,正面
宝贝很棒 价钱也便宜 下次还来,正面
电视机收到了，很好很实惠，这是第二次买了一直用这个牌子的，很好用需要的赶紧下单哦,正面
电视挺好的，放在房里刚刚好，每天晚上回去都要看一会儿电视。画面很清晰，音质也很好，已经第二台了,正面
电视很好，比我老的那个乐视电视更清晰，反应速度快，广告少。价格便宜，送货快。,正面
双十一买的，发货是真的慢，等了好久。质量挺好的，快递服务态度很棒，还是挺不错的吧,正面
夏普电视不错，色彩很好。,正面
看着还不错,正面
电视很清晰，飞利浦大品牌值得信赖。家里面飞利浦用了10年也没坏。相信品牌的力量，综合好评。,正面
比想象的大 图像清晰 给农村老家买的速度超级快 很好很实用,正面
双十二买的。限时抢购。物流很快。界面清晰整洁。能放QQ音乐听歌很方便。能看游戏直播。功能很强大。系统也很好一点也不卡。还买个伸缩挂壁用起来很方便。左右前面都能调整，风行屏效果很好。屏幕分辨率非常高。网络智能Wife功能非常方便。想看什么片子只要搜索就行。49寸放房间正好。看电影非常棒。音效效果也很好。性价比很高。划算。,正面
送货快，不错。质量好。送货快，不错。质量好。一直很喜欢京东的原因,正面
昨天晚上下单 今天下午收到电视机 自己安装上底座 直接连接的wifi没有接机顶盒 操作很方便 百视通的影视资源足够丰富 喜欢看的影视剧和综艺都有 电视机色彩丰富 运行内存虽然不大 但是我觉得没必要安装第三方app 所以使用上没问题 总之很满意的一次购物 晒单： 收起 向左转 向右转,正面
用着挺好的,正面
这个真的很清楚！,正面
画面很清晰、效果很好、我老家也有一台同样大的电视、相信京东大平台、杠杠滴,正面
不错 晒单： 收起 向左转 向右转,正面
不错，物流很快，电视也很大，希望质量也杠杠的，等用一段时间看怎样再来评价,正面
电视很不错4k视频看起来非常真实非常不错的电视,正面
不错,正面
外观很漂亮 很清晰 无边框感觉很大。,正面
希望是很好的产品还没有预约上门安装呢,正面
满意，图像清晰度高，外观也高大上，送货安装服务还很好，,正面
师傅送货快,正面
很好，很满意 给顾客买的非常不错！很满意！,正面
京东没得说，服务还是那么好，虽然还没安装售后的不短跟进很贴心。。。铁粉。京东继续努力。当然也希望电视质量好期待中。。,正面
感觉还是不错的！我最喜欢红色边，和音响，但总得来说比想象的小，当初应该买65得了！很不错！用着看，不知道售后如何，只有出了问题才知道，退款还未收到,正面
质量不错，送货速度很快，服务态度很好，非常满意！,正面
买给老妈看的，老妈说很漂亮，老人喜欢就好,正面
非常满意,正面
研究了这么久，价格终于便宜了，果断下单，电视满意！,正面
在买这台风行电视前，从未听说过这个品牌，冲着自营，还有秒杀的超值价格和送三年金卡会员的优惠，买了这台风行49寸超高清电视，头天晚上下单，第二天就送到并安装，目前看画面质量很好，厂家的服务也不错，无论是售前咨询，还是售后跟进，厂家客服都跟进的很及时和到位。希望电视机在曰后使用中质量过硬。 晒单： 收起 向左转 向右转,正面
比实体店便宜多了，非常满意，以后新房子起好了，家电也要在京东购买,正面
电视比想象中的要大、要好，图像很清晰！,正面
包装很好，快递员都很热情。,正面
买之前选了好久，夏普、tcl、海信，双十一正好看到创维在搞活动，随即下单抢购。我是双十一买的，预约了一个月后送货，到货后整体看上去很大气，无边框设计，并且显示效果也很好?！电视内容也很丰富，还具备语音搜索功能，声音效果也挺不错的。总而言之，是一次比较满意的购物！其他功能待使用后再来追评吧！,正面
电视不错，经过多方沟通，系统升级后，已经可以手机投屏了，这个大赞,正面
给父母买的，开始一万个不同意，说家里电视多，但是都是老款的大屁股电视，还小。先斩后奏买回家，都觉得挺好的。,正面
"错过了双11,趁双12促销，把用了13年的老电视给更新换代了，凌晨零点下的单，不知道要抢优惠券，结果取消订单再重新下单，希望退款能快点，要不心里没底。物流和安装速度都很给力，中午快递小哥送货上门后，马上约了安装师傅上门安装，因为家里的机顶盒还没升级高清，所以视频效果还没显示出来，不过应该是很不错的，信得过京东，信得过夏普。唯一不足，随机没有数据线，希望可以改善。",正面
很满意,正面
又一次愉快的购物！买家电我一直都是在京东，大品牌正品低价无假货，售后服务一体化。售后师傅态度很好，经常推荐朋友买家电上京东！???,正面
电视机挺不错的,正面
电视十分好，安装师傅很细心，服务周到，心里暖暖的，点赞，点赞，点赞！ 晒单： 收起 向左转 向右转,正面
不错，跟描述的一样，很好用也很给力,正面
买电视就喜欢sharp 很棒,正面
视觉效果不错,正面
正在使用中，看看效果还可以，真不错哦,正面
"家里的老海信40寸已经服役9个年头，一直想换个4K的电视。从京东的618活动一直开始选，太纠结了。创维的，海信，夏普的，TCL的。今年双11活动开始，准备买夏普的60寸的，3699元，好价啊。可是又见评论说，夏普已经不是当年的夏普了，又犹豫了。纠结不下，本想一咬牙买索尼算了，但想想电子产品淘汰快，贬值也快，没必要跟自己钱包过不去，双11就没选下来。转眼就到双12，正好本地有个电器促销活动，去电视区转了一圈，发现海信和TCL的还不错。TCL的这款，还有海信的55EC750US,就决定二选一了。家里的老海信也挺好，没出过问题。就在海信官网等双12活动。没想到，家里LD发话，海信的不好看，还是TCL的洋气些，就要TCL的这款，那就买吧。京东配送就是快啊，隔天就到。马上动手装座架，然后测试了几天。运气好，完美屏，没有亮点，黑点。音箱也好，没有破音，四角和底部漏光不明显，外观的确漂亮，尤其这个红色的音箱装饰。这个价格也值了。",正面
电视机很好，质量不错，特点是内存够大实用。,正面
性价比高，不错,正面
客服态度好。电视还没有开始用，还不知道效果。用了再评价,正面
美观，漂亮，棒棒的，京东物流快。,正面
不错，真的好大，屏幕清晰，物流送货上门，小米电视就是好,正面
还没开箱，应该不错，使用后再评论。,正面
暴风电视外观特别大气音质也好内容丰富,正面
不错，放在店里 晒单： 收起 向左转 向右转 2017-12-22 14:44:26 追加： 放在推拿店里了，反应速度很快，画质也挺清晰的，小朋友和家长们都喜欢，以前是知道风行视频软件，经常用它看电影等，现在出了风行电视果断入手，价格也便宜，因为刚出推广可能！,正面
夏普电视大品牌，值得信赖,正面
电视很不错，就是买回来老婆感觉还是买小了点儿，就这吧！物流很快12号凌晨买的，14号就到了，安装师傅也很专业！用段时间再说,正面
这个电视千万不要去买，谁买谁浪费钱，而且有问题的时候客服会折腾死了。买来不到半个月，在看的时候手摸了一下内屏就破裂了，关机的时候就看不出来，打电话找京东，京东推脱他们只负责销售，让我打400找夏普，打电话给夏普，他们说是你摸坏的，人为原因导致内屏破裂，那为什么外屏是好的？关机就看不出来？客服说就是你人为的，不能摸，维修要电视价格的80%，我让他们派人上门来检测，他们说你如果要花80%的换屏费他们才肯上门。想想就心痛，还有这么不负责任的厂商，还品牌？简直是流氓行为，典型敲诈，你说谁敢买这个垃圾夏普的东西，冲着服务就会让你心碎,正面
好评，看了一会，感觉很不错，,正面
声音挺大的，画面还不错，很棒！,正面
质量过硬。双十一购买发货速度都非常快,正面
最近有事儿一直没顾上评价 电视非常不错 快递也很不错 推荐大家购买 双十一购入 价格也很优惠,正面
东西非常好，物流配送服务好,正面
很不错,正面
还没安装物流很快，也很实惠，服务态度很好,正面
运行速度挺快的，价格绝对合适，物流运送也不错，因为是乡下还给送到家，但是安装居然收费30元，我们是在盒子里拿出来，插电联网就安装完了，不用挂壁的。整体不错,正面
发货及时送了挂架，帮人买的。他说：“电视很好清晰功能多，插口全很实用”让我谢谢卖家。因为收到货就装他家了，我没拍到图片和视频。总之他说电视很好。,正面
电视送人的，非常大气，外观好看，送过去特别有面子，很好的一次购物，不错。,正面
12/5给新家买的这款58H7，虽然一开始就锁定创维，毕竟是中国的品牌，两年前买的另外一台就用得不错，这次新家毫不犹豫去选创维的电视。从选择尺寸，到确认型号，纠结了好久。对比了几个款式，最终锁定58H7是看中它的无边设计，时尚，整体25核搭建A73架构，速度应该很快。DST的音效我就想起华为手机，是一种享受。相同价位的电视还是这款性价比高。因为房子还没入住，家具也没进场，显得电视装上后看起来很小。实际上对于观看距离在4米以内的是合适的啦。再说说安装师傅，预约后当天就上门安装，速度快，态度好，服务好。这次新家所有电器是国产品牌。信赖国产品牌，信赖创维。,正面
性价比很高，这么大的屏幕，这个价格，而且以后能够升级，实在是很划算的,正面
安装及时到位,正面
庆幸在涨价前就买了，还以为大了点，安装好后感觉刚刚好，大小正合适。电视相当不错，看4K真爽。片源也挺多的，就是不知道能不能安装其它应用，还在摸索中，总之绝对超值。,正面
很好，电视很清，值得购买！京东的品质，平台都很贴心！家里的手机，家电都是在京东平台上买的。售后也快！,正面
配送和安装都很及时，服务态度相当好，非常满意，买家电还是上！超赞,正面
小米电视杌非常好.色彩比其他牌孑好.,正面
发货前一天电话联系确定送货时间地址，送货师傅同时负责开箱验货并安装。这种品牌质量这种服务态度太赞啦???,正面
活动期间买的，价格还是很优惠的，虽然没有用上双十一的优惠,正面
性价比高，对比过其它才买的，不错非常好，物流也快,正面
看着挺好的，还没开始用呢，再追加吧,正面
这款电视很不错！以后买大宗家电就在京东了，送货快，服务好！,正面
还不错,正面
东西不错，重要的是物流超级快,正面
质量很好，服务也很棒，还没用，以后再追评,正面
选了很多牌子来进行对比，最后还是选定了创维。电视机的送达时间很准时，没有等太久或者出现问题什么的，在下单第二天就送达，就算是在国庆假期都没有延误。 开箱验机的时候，看到电视机的薄厚程度，与购物页面上所描述的薄厚一模一样。在下单后就有工作人员打电话询问具体情况，然后帮助我们沟通安装，安装也十分到位，师傅很给力，服务态度非常棒！安装后就体验效果，不论是电视机的清晰程度还是色彩比例调和都十分到位，让人从视觉上不会有那种刺眼不舒服，看多了会头晕目眩的感觉。 最让人方便的还是它最新推出的智能语音遥控功能，它可以根据音色识别，找出相对应的内容，而且可以分辨模糊不清楚的声音，准确度十分高，不会像平常那样大部分的时间都浪费在了按遥控器上，错误率还高，改正也十分不便。 支持的系统也有很多，反正电视机很不错，无论是从质量还是服务还是售后都非常棒！是一次完美的购物体验！,正面
物流也很快，电视机很清晰，声音很大。非常满意！希望耐用，五星好评！,正面
电视机不错，我们已经买了两台了,正面
电视不错，已经是第二次买了，快递也很给力！,正面
配送热情及时，还免费安装，不错的选择,正面
还不错的很喜欢！！价格公道,正面
朋友很喜欢价格很实惠，就是不怎么搞的懂。,正面
送货速度很快 ，中间小插曲很多但是客服态度特别好。老人很喜欢，五星好评必须的。,正面
"不错，帮亲戚买的，特别推荐他买sharp的，据说还不错，图像很清晰，刚好双11有优惠，very good ,you can buy it",正面
用来给店里当奖品用的，不错,正面
东西很好，物流给力！,正面
不错,正面
不错，东西性价比很好，不愧是大品牌，飞利浦的，值得拥有。,正面
到货很快 合肥上午拍下午到 来到帮忙通电测试了,正面
售后服务很好 秒解决,正面
海尔老牌子了，电视不错，性价比高！送货也很快！安装也好,正面
快递第二天就到家，超快，快递小哥很礼貌程序走很负责，检查屏幕，通电查看一下，没毛病，挺好的，里面的功能还没有仔细的看，需要研究一下，都是风行自己的系统，然后他送的金卡非常有必要可以看4K电视，显示清晰度还可以，第一次在京东买东西，分期买的还是比较给力的，总体还是物有所值，值得购买，就看能不能看一年了，希望可以。,正面
用后感觉，缺点:1开机比较慢，2资源比较少.优点:音质不错,正面
"2017年11月11日购买的创维65H7　58英寸电视机，58h7，cpu是a73，内存ddr4，相同价格里都没这种配置，电视机整体设计时尚，显示效果很惊艳，HDR,4K MEMC不是吹的,U盘上电脑考的4K高清片源,清晰度非常好，色彩非常鲜艳，看起来好有立体感，身临其境感觉，特别是图片显示，也是4K高清图，色彩异常靓丽。酷开5.8的系统，系统响应速度很快，资源挺多的。58H7全金属机身、视觉无边框，我比较喜欢，无边界方显大视野； 25核处理器，2G DDR4+8G FLASH，配置好电视才能运行快；虽说内存不是很大，剩余内存不到4个g，应该也够用 。电视外表整体做工还行， 拥有HDR技术，广色域技术，4K MEMC，色彩好，拥有HDR技术，广色域技术，4K MEMC，画质清晰音质也还好 杜比解码+DTS解码，立体环绕音效，搭载酷开系统5.8。再有就是安装师傅，安装角度和尺寸，他会根据你家的空调位置和电视柜还有灯的整体位置效果，来确定你是否满意放到的尺寸，真的很专业，经过和你沟通好，确定安装位,而且京东还送了支架，免费的呢！就是感觉电视买小了．总之很满意！",正面
我只想说，新电视居然开机都开不了，大家还是买名牌去,正面
电视机性价比高,正面
考虑很久最终还是选择创维，家里的也是创维的好几年都没问题。电视很清楚，的确没选错。送货很急时，早上拍下午就送了，第二天安装师傅就上门安装了，服务很好，满意,正面
电视机很赞，清晰度非常高，画质很棒，流畅度也很好，非常愉快的购物体验！,正面
不错，操作界面容易上手，高清很清晰，据说会员有海量资源，期待着。,正面
非常好,正面
"质量非常好，与描述的完全一致，非常满意,真的很喜欢，完全超出期望值，京东物流发货速度非常快，包装非常仔细、严实，京东送货小哥服务态度很好，运送速度很快，很满意的一次购物",正面
东西非常不错，高端大气上档次，性价比相当高，下次还来购物,正面
挺好，色彩不错,正面
物美价廉，值得购买,正面
新房装修昨天才入住，评论的晚了！ 非常棒的电视，而且价格很美丽，一家人都很喜欢。,正面
大牌商品值得信赖，送货快外观设计漂亮，这个价钱超值了，图像效果好,正面
现在再买电视机对于国产真的很难选择，看了网上对索尼电视质量的评价，最终还是决定买一台试试。外形很漂亮，画面清晰，音质不错，值得够买,正面
轻溥小巧功能强大，哈,正面
快递师傅态度很好，送货速度真快。尤其是客服小婷更是服务到位！买回家电视高大上，比实体店便宜很多啊，双12买的，还送三星音响。一个字值！,正面
使用了一个月了，大品牌就是好，满意的没话说，给全五分好评。,正面
挺好 就配送太忙了 已经到了好几天 非要在约定日子配送 提前还不能提前,正面
好好好好好,正面
电视不错 带蓝牙语音功能。如果有需要。下次还会选择暴风。,正面
不错,正面
电视效果很好,正面
感觉很好，性价比很高。 晒单： 收起 向左转 向右转,正面
秒杀1899，以前没有用过不知好不好用。,正面
海信电视，真的很好！性价比很高！推荐大家使用。 客服好，商家好，送货的也好，上门安装的师傅更好，我是55寸座机，安装调试仅收人民币30元，合规合理。明天再买一个。,正面
不错，物美价廉，能再清晰一点就好了！,正面
电视机不错，清晰度也好，有WiFi高能，直接网络播放，我是满意的，还有会员送，坐等会员。,正面
质量不错，效果好，用一段时间再评论。。。。。。。。。。。。。。。。。。。。。。。。。。。。。。。。。,正面
京东物流送货快，双十二活动上午抢到的，价钱比平时优惠很多，安装师傅服务态度好，挂墙配挂架没有乱收费现象。这款电视款式颜值高，值得购买,正面
质量非常不错，大气又实惠。服务可以，收费合理,正面
电视不错哦，就是手机太差拍的不好，非常的喜欢，看电视流畅，用了几天才来评价的,正面
电视非常的好，很喜欢。性价比超高，从快递到安装服务都很满意。全部给满分。,正面
电视还不错给父母买的、她们很喜欢、安装师傅也很好。,正面
早就想买了，赶上双十一活动，还是很便宜，很值的。超薄，使用的很好,正面
电机很好用，操作简单，不错。就是下能装第三方软件。,正面
电视机收到了，49寸的感觉也很大，颜色也好，物流很快，也帮我们搬到家里，安装师傅态度好，很负责，还帮我们连接调试电视节目，教我们选节目，这是第一次在京东买这么贵的电器，以前还不放心。现在放心了！老公也喜欢这电视机,正面
给妈妈买的，界面设计很人性化，喜欢！,正面
商城网购正品保障，送货及时，服务态度很好，家人都很满意，还会再来购买！,正面
昨天的订单今天就送到、神速啊;！电视自己一会就安装完。试机不错用段时间再发表意见：,正面
不错。是正品，用了一段时间才来评价，客服香蕉棒棒哒,正面
买来看视频的，支持格式多，物超所值，超级棒！,正面
物流超快，服务态度很好！刚安装好，小孩马上打开动漫看了，速度秒播，没有卡顿，风行电视值得信赖！外观也很漂亮！ 晒单： 收起 向左转 向右转,正面
给家里老人买的效果很好以后就不知道了以后好了继续评价,正面
挺好的 物美价廉 配置高 速度快,正面
这是第二次购买了，价格非常非常的亲民，4k屏幕看电影十分清晰，给很多亲戚朋友介绍过这款电视，所以人都觉得很值，以后继续关注风行！,正面
一直信赖京东的品质和服务，物流给力，售后给力！,正面
还不错！大牌子值得信赖,正面
很好物流安装都很快,正面
画面色彩鲜艳柔和，画质清晰，音响效果不错，希望能耐用，好评一个！,正面
"电视收到后打开很惊艳非常薄，边框又窄很显档次,配红色的音箱很洋气和我的背景墙很搭很舒服，音质特别强悍看电影听歌很爽，打开电视4k画面非常清晰，在京东买东西很放心，不错?",正面
电视收到了！自己没在家，家里人帮忙收的，卖家服务很好，通电试机没有问题！以后有需要再来，也推荐朋友购买，性价比不错！,正面
配送服务超级好，特别棒,正面
還沒有安，但物流快，價格合適。超大品牌值得購買,正面
第一次买风行品牌，比想像的还好，画面清晰，网络电视太好了，超级喜欢。,正面
开机比以前那个32英寸的速度快，功能也够用。,正面
电视非常非常好！我家里都买了第二台了，性价比超高，电视清晰度也很好，如果大家要买电视，一定要买暴风电视！,正面
电视很清 ，反应快，还不错,正面
双十二时抢了台43英寸的，用了几天觉得很好，价格实惠，操作简单方便，想不到小米又有活动价，直接又再下单再来一台，真心喜欢小米的产品。,正面
电视用着还行，不卡挺流畅的。画面清晰,正面
宝贝收到了，商家很给力，这次快递公司不怎么给力，上次买电视那小哥会问我要不要装墙上，这次这个一个字都不问，还让我自己去找商家客服去预约装电视，折腾了两天电视才完事,正面
电视不错。给孩子看动画片用的。,正面
配送很快 自己装的感觉还不错,正面
电视不赖 老妈很喜欢 快递也快,正面
很好，很清晰，显示屏很大,正面
"很小的时候，家里用的就是乐华电视，那种crt的，现在家里两台电视也都是乐华的，质量真的没的说，国产电视性价比最高的，新买的这台t32,性价比更是高的离谱，1.2k就可以买回台曲屏电视，真心不错。安卓4.4.2也很稳定。网络响应时间也比较短，一句话，还是挺不错的。",正面
虽然预定的等了好久才送货，但是不枉我等那么久啊，操作非常简洁，界面友好，很不错。,正面
习惯好评，应该质量不错,正面
电视很清晰，效果很好，运行速度也快，B键很实用,正面
质量非常好。非常清晰,正面
物流服务非常好，给师傅赞赞赞?,正面
非常满意，够大够漂亮,正面
很不错啊真的很满意，很不错。。,正面
双12那天买的风行电视，14号就送到。打开安装后，屏幕很超大，画面的清晰度也很不错，家人看了不伤眼睛。里面的视频，游戏，体育，综艺等各各方面都很丰富，满足不同阶段的人群。主要价格很实惠，也很亲民。谢谢风行给我们普通家庭带来快乐和优质的视觉享受。,正面
电视不错，清晰度音色色彩度都很好，值得拥有，夏普值得信赖，好品牌就是好,正面
我已经是购买第二个，价格优惠，而且好用，用起来得心应手！,正面
电视质量还行，价格不贵，但不很做电脑显示器,正面
师傅服务很好,正面
不错不错，服务周到了下次还来买,正面
挺好的 大小也合适,正面
宝贝收到了，发货速度很快，价格实惠，包装完整，非常满意！,正面
电视很满意~送货人员态度很好~也有客服打电话过来询问安装怎么样了。总之很满意,正面
电视挺好，值得购买！快递小哥服务质量特别好，再次特别感谢快递小哥及厂家！,正面
非常好用,正面
电视性价比高，开始感觉屏幕有模糊，后来慢慢摸索调试，很清晰了,正面
京东送货速度快，安装服务好，电视机目前来看还不错,正面
货物送到，物流非常快，非常好。,正面
新买的创维 4K 新款智能超高清电 视今天安装 上了，科技感太强图像超清晰音效也级棒关键是后台内容很丰富。创维厂家安装的师傅也很专业， 安装速度快帮忙把电视机调试到最佳状态,正面
双十一买的，不错，给老人用挺好,正面
东西非常好,正面
预约秒杀价1899购入，总体来说较为满意，屏幕有点漏光，其他暂时用着还行。窄边框也不错，付费东西很多，安装费用90元，快递送货很快。,正面
电视画质很好，最重要的是送货小哥服务超级赞。。。,正面
好满意的一次购物，物流的态度也很好，帮家里老人试了没问题才离开的，会推荐给要买的朋友,正面
质量不错，一直都在使用这个牌子,正面
真不错，用的非常好，我喜欢，孩子也喜欢,正面
不错不错,正面
相信老品牌，质量就是好,正面
质量保证，价格公道值得买,正面
电视很清晰，长虹电视就是好，,正面
性价比高，买来放在出租房使用的,正面
电视很不错，价格也实惠！,正面
画质挺清晰的，便宜,正面
送货速度很快，服务很好！电视送给爸妈，很喜欢！京东值得信赖！还犹豫的朋友们赶快下单吧！,正面
非常好的一款电视！下次还买索尼品牌！！,正面
画质不错，实惠实惠实惠,正面
不错，就是没有以前那么比赛了,正面
前天下的单今天就到了，质量发个视频自己看。,正面
不错 还没使用,正面
很好，很快，卖家回答很尽心，谢谢了，家里老人正在摸索中，主要之前都用的不是智能的！,正面
挺好的，画质清晰，而且也很好看，安装的小哥人也不错,正面
电视不错的!就是商家没配装语音遥控器!商家服务方面都好!,正面
画面很好，屏幕很大，比预期的好很多倍，别人都问多少钱在哪买的。一个字，物超所值，呵呵,正面
还不错，挺好,正面
给家里人买的，第一印象就是大，师傅安装很迅速，很不错的选择。 晒单： 收起 向左转 向右转,正面
电视不错，比较满意！！！,正面
很惊喜，不错，清晰度高，音响效果不错。里面有好多宝贝喜欢的动画片。 晒单： 收起 向左转 向右转,正面
第二次购买不错孩子看动画片方便多了,正面
还行，支持的软件很多，运行流畅,正面
买电器还是相信京东，电视还是相信海尔，非常满意,正面
多次购买，京东值得信赖，飞利浦值得信赖,正面
东西很好，价格也很美丽,正面
不错,正面
服务很好，当天到当天晚上都加班安装好了，。给好评,正面
还可以，屏幕很清晰,正面
电视用了一段时间了，感觉很好，东西很给力,正面
还不错！画面清晰！自己找个电钻安装！,正面
4k效果震撼，谢谢tcl谢谢腾讯，雷电电视机不错，价廉物美。还要继续研究这个互联网电视机,正面
很不错的电视，嗯质感很好，送货也很快。,正面
快递很快，服务很好！家里第二台了！,正面
宝贝挺好的,正面
很满意下次再买还会再来的。,正面
风行电视，画质清晰，智能化多功能，适合年轻人～ 2017-12-23 11:12:43 追加： 界面简洁，实用性强～,正面
非常不错的一款电视，三星4k黑晶屏！系统操作流畅BES电视节目提供商，节目资源应有尽有，什么电影，少儿，体育通通不在话下。最令我满意的是声音感觉很震撼。三八久久买的，分了一二期。总体很满意，不过就是安装费要了我一百武，说好的免费安装却要钱，实在不太爽。还好电视没问题。先用用看吧，以后再追评。,正面
挺好的,正面
大气 清晰 不错，推荐给大家哦 非常喜欢,正面
不错 挺好的,正面
不错,正面
一直用这款产品好用物流也快方便的很！,正面
非常大的电视，画质清晰，音质很好，果然没选错，还是老牌子好，我家几台电视机都是创维，以须要一定还会.再来，服务员工也很好，有问必答，是双十一买的，也能很快送到，网购大电器不但质量好，性价比也很高，真是一次满意网购，给100个赞,正面
活动价跟划算，屏幕清晰，没有问题,正面
送货及时，服务很满意。,正面
第一次买暴风电视。。。感觉还不错，很画面清晰 晒单： 收起 向左转 向右转,正面
不错,正面
这款电视很好，价位也实惠，喜欢的朋友下手吧,正面
收到货，很不错，也很清晰,正面
电视到了，双十一买的虽然等了很久但是还是觉得很不错，感谢的送装服务，电视整体感觉很不错，色彩还原很好，声音试了下也不错，给老人买的应该很适合，速度很快！看了下配置，49寸的完全没毛病，推荐大家购买,正面
东东不错,正面
质量不错，老用户,正面
满意，一开始弄错了，买的43，小了，换了一个，速度，质量，都没问题，价格也合适，总体满意,正面
当天买第二天上午就送到了，折腾送货大哥在小区里来回走感觉挺不好意思的，下午预约安装师傅当天就装完了～电视买大了，超级大～不过看着很爽～超清晰～功能超多，第一次在网上买大电视，电视很好，心里很踏实～谢谢掌柜的,正面
物有所值，在线点播高清爽,正面
非常清晰，与介绍的完全相符，是我想要的。,正面
很不错，,正面
是我喜欢的品牌，下次还会购买，我网购只选京东，信得过。,正面
商品不错。好东西。很清晰。准备送到客户哪去。准备装车了。,正面
电视机不错的，大小合适，因为没有开通网络，所以没有图像。试机的时候屏幕没有问题。安装的师傅很仔细，很满意！ 晒单： 收起 向左转 向右转,正面
不错，价格便宜，效果不错，物美价廉，五星好评,正面
没有问题，很不错,正面
清晰度很不错，放在卧室大小正合适，下次再买一个放在小卧室,正面
不错 性价比高,正面
50寸的屏幕卖这样的价格是比较有竞争力，你如果不在意屏幕不是日本原装的，界面也是简配的爱奇艺，也可以入手,正面
挺好的，非常满意,正面
我在外面，听老爸说电视机效果很好。特别要给快递员和按装师傅个五星评分。,正面
头一天夜里下单，电视过了一天，第二天就到了，安装师傅也很快，很快安装完毕，电视的画面色彩比较好，饱和度比较高，系统也很流畅，没有反应慢的现象，声音也很饱满，系统中内容丰富，硬件接口也很全，音响，游戏机，各种设备都能接，网络信号也很稳定，接受的比较快。电视很好，复合预期目标。,正面
物流很快，服务周到，满意！,正面
给爸妈买的，效果不错，性价比很高。还给送了蓝牙语音遥控器，就是还没搞懂怎么玩的。,正面
不错，很好的一次购物。,正面
还没有使用，应该不错，先给好评,正面
打电视看了就是舒服，挺好的。,正面
宝贝收到了，色素什么的都很好，主要是价格便宜,正面
前天下单昨天就到了。速度快。到货赶紧挂上看，挺清晰的。喜欢的朋友赶紧下手,正面
夏普老牌果然不错,正面
画面清晰度还可以，价格便宜，海尔品牌值得信赖！,正面
双十一购买的，由于商家缺货到昨天才收到货，开箱验货后很满意,正面
还不错，实惠。,正面
电视机不错，用用挺好的,正面
性价比非常高，不错的小米电视,正面
价格很不稳定，一天一个价，说好的有保价，联系售后也没返差价。买来送人的，不知道质量怎么样？,正面
不错，安装师傅很专业，现场解决了难题,正面
速度快，态度好，图象清淅,正面
正品低价不错的商品,正面
不是很好，是非常好,正面
电视很好，绝对正品，我帮朋友买的，拿回家试了一下色彩音质非常完美，特别是客服和快递小哥服务太热情了，又是打电话联系，帮我试机，比以往我买六七千的服务周到，真的正能量，下次还会再来。,正面
老顾客了，非常满意！,正面
东西很棒超值,正面
电视很好，看着很上档次，清晰度高，音质好。送货和安装人员也很好。第一天预约第二天早上就去安装了。感觉挺划算。总体很满意。 晒单： 收起 向左转 向右转,正面
画面质慼非常好,正面
送货速度快，价格便宜，不错。,正面
物流很快，有事没有装，昨天刚装好，看一晚上，真的很给力的一款电视，简洁方便的菜单，功能齐全还唱了首歌！没有选错。,正面
电视很好，物流也很快，客服态度很好！,正面
不错。。。。。,正面
好评，很好看。分辨率很不错,正面
送货相当快。第二天一早就到了。这个电视机在这个价位还是相当实惠的。系统运行还是比较流畅的。整体的效果还是比较满意的，希望耐用一点，以后不要出问题。打分可以90分。 晒单： 收起 向左转 向右转,正面
电视机确实不错，反应速度快，画面清晰，外表美观大方，价格实惠，算是一个不错的选择，放在客厅高端大气上档次，低调奢华有内涵，。,正面
电视机很大，屏幕清晰。还没使用，等待后续使用再追加评价。,正面
超不错的,正面
好大的一件商品而且智能的现在电视真的越来越便宜有点轻但是我相信技术也越来越先进,正面
今天刚收到，看起来感觉还不错，不过要等用了才知道,正面
电视机特别好，看了一个星期了，感觉好，给双赞,正面
不错，下次再来购买！,正面
电视很好，值得购买，双十一优惠很大,正面
这个是买到乡下去的，画质比以前的电视机的画质好多了，大赞,正面
送货速度快，这个价格算是不错了,正面
宝贝很不错，质量很好，快递很速度，支持下老板！,正面
智能电视就是好，节目丰富，天天看电影,正面
价格亲民内置只能系统也不错总之很值这个价钱 晒单： 收起 向左转 向右转,正面
赶上活动买的，还不错哦，价格实惠,正面
自己看，棒棒的，很好的电视下次还买,正面
大品牌信得过,正面
电视棒棒的，有便宜又好用,正面
速度很快……包装完整……打开后，电视很漂亮……也很容易安装……网络电视……非常方便……电视界面很清晰，也很容易操作，老人家一学就会……电视画面也很不错，舒适……还有少儿频道……并且可以关屏幕放少儿节目，特别适合小朋友使用……也不用担心视力影响～,正面
开箱眼力了，完好无损，具体还没使用，感觉还不错，性价比很高，配置好，,正面
我觉得这是一款，性价比非常高的32寸电视，根据它的配置，外观，颜值，使用率，反应速度，都非常非常满意，而且价格不高，比传统品牌，要好，有好处不少，只是行动，支持京东，支持京东快递,正面
电视很好 非常清晰 双十一的时候买的 挺划算的 ～,正面
很喜欢的一款电视。颜值最高、色彩漂亮、图像清晰度高。设计师用心、商家耐心、快递诚心。我给他们全部五星好评！,正面
好棒！好棒！好棒，京东值得信赖，正品好用，物流超快！,正面
不错，符合要求。,正面
不错，很大，跟想象一样,正面
给亲戚买的，不错送货到位。,正面
不错！TCL国货老牌子，值得信赖！???,正面
收到了，比想象的大，还不错，比较喜欢。,正面
电视不错,正面
很满意，很满意。双11前买的，到货有点慢，但终究是没让我失望。,正面
使用了七天了，速度非常快，4K屏幕真的太清晰了，就是卧室有点小，感觉要跟电影院一样大了，还能玩游戏看直播厉害了我的哥，老强了，不过推荐买43寸的，实在太大,正面
快递员服务态度很好！,正面
物流快，电视质量好。,正面
电视机可以，画面很清晰！,正面
宝贝收到了，很满意，价格优惠，尺寸大，放家里很有面子，物流也快,正面
总体不错，性价比高，但总觉得清晰度不如以前买的夏普，不知是否是设置问题，再试试。,正面
性价比极高,正面
快递速度快，服务真心不错，全部安装好了才走，电视机画质也不错，满意,正面
还可以，性价比不错,正面
价格便宜，第一个被小孩摔坏了，又买一个，物美价廉,正面
好评，一如既往的支持京东！快递速度快，快递小哥服务态度好！,正面
不错,正面
画面清晰，服务满意，价格优惠，专门看了两天，买电视，就选海信，真真值得信赖。,正面
非常好,正面
这是一款性价比很高的产品，画面清晰功能强大，十分满意。,正面
宝贝到货了，安装师傅态度很好，完美,正面
还行，物有所值,正面
12月12日0点04分买的电视当天下午3点就能到13日下午就按装上了，送货按装都非常非常的满意！相信京东，希望以后继续保持下去。,正面
数字信号很清晰，使用也很方便，就是说明书太简单了，一时没找到开关,正面
65寸大电视，视觉效果非常爽，跟媳妇两个人喜欢玩王者农药，在风行电视里居然看到了王者农药的直播视频，自从买来了电视，我俩好像没12点之前睡过，要么刷电影 要么刷电视剧 再就是刷王者荣耀视频直播 总之很喜欢这个电视 性价比超高,正面
家人都喜欢这个电视，索尼还是可以的。,正面
价格实惠，多次购买了,正面
自己按照的，非常方便，只要有宽带上网就可以了，连有线电视的钱都省了，小米，绝对要点个赞！,正面
小米电视不错，画质还行，,正面
很不错，挺好的，就是售后不方便,正面
很好的电视，价格实惠，功能强大，昨天刚发现个新功能，像投影仪一样手机放啥就能映到电视上看，清晰省眼睛,正面
给亲戚买的，不错的购物体验,正面
送货快，界面清楚晰，超窄边框，功能齐全，家人都喜欢,正面
电视很大气，清晰。现在暂时不装，过段时间带回老家再装，双12买的，价格实惠。,正面
价格实惠功能强悍。,正面
京东上最便宜的39寸电视，可以了，还有什么要求呢！速度还可以，省了个盒子的钱，不错！,正面
用了几天才来评的，哈哈！开始以为39寸会小，没想到还挺大的，播放也很流畅，一点也不卡。赞赞赞！,正面
好，物流快，服务好！物有所值！,正面
东西到货啦，画面超清，屏幕好大的。价格还行，关键真的清晰，很满意阿，很愉快的购物,正面
东西非常不错，好用 屏幕尺寸合适，观看起来很过瘾,正面
很好很好很好扛把子很好很好很好很好很好很好很好很好很棒很棒很棒很好很好好棒,正面
不愧是大品牌，看起来非常高大上，还没联网，不知道咋样,正面
非常棒！很好，这次的电视很好没什么毛病。京东的售后服务还是很给力的！,正面
东西不错，屏幕操大，就是黑屏有漏光，还有点大，先试用，用后再追评,正面
很好，很不错,正面
电视不错，这个价格来说性价比挺高。但是物流真心不想吐槽，双十一买的尽然还是昨天才送到。,正面
电视机挺好的，比实体店要便宜?,正面
帮朋友拍的、他说不错,正面
服务不错，态度好,正面
东西不错，发货也快，价格也合适,正面
电视价格性价比可以，配送员很快送到，安装服务好,正面
电视很棒！价格实惠！物流，的服务水准是一流的。,正面
电视性价比还是挺高的，用起来也挺方便。,正面
尺寸大小正合适，图像清晰，音响震撼，连上网络也不卡，一家人超喜欢！,正面
很满意,正面
电视不错，就是要冲会员广告多！！！,正面
感觉买小了点，还是能看，正品,正面
给奶奶买的，平时一般不用电视，很好性价比很高,正面
购买方便，性价比高。,正面
买来送爸爸的，他说还不错,正面
电视还不错，双十一送货太慢了。,正面
够大气，够清晰，非常不错，值得购买 晒单： 收起 向左转 向右转,正面
电视机已经安装好了，清晰度可以的，,正面
这个电视买了好久才来评论不好意思真的是蛮不错的～！～！！画面很细腻清晰！！！小米的果然名不虚传～～！！,正面
还不错给爸妈买的 性价比高,正面
非常满意！非常满意！非常满意！,正面
还不错感觉、哈哈哈。用几个月看看 好在追评,正面
小米电视真不错，显示清晰，性价比极高。推荐购买。物流快速，即使在乡村也送货到家。,正面
"我是2017年11月11日购买的创维65H7　58英寸电视机，早晨送过来，不得不佩服京东的速度，我家一直用的创维电视，用了很多年，所以对创维一直有好感。58h7，cpu是a73，内存ddr4，相同价格里都没这种配置，电视机整体设计时尚，显示效果很惊艳，HDR,4KMEMC不是吹的",正面
送货快！价格优惠力度不错！！！相信夏普的质量！！！,正面
经常购买的，大品牌就是值得信赖，送货速度,正面
质量很好！很高清，画面细腻，非常满意！,正面
很大很清晰，服务也很好。到时还会购买一台放二楼客厅,正面
此用户未及时评价，系统默认好评。 2017-12-25 20:13:54 追加： 小米真心不错，物超所值,正面
不错，2千块性价比不错。显示效果也挺好的 很满意,正面
电视很不错 很清楚,正面
还行 质量不错,正面
电视收到了很好，配送员很负责。值得购买,正面
画面清晰，流畅度一般，用了一个多。没发现质量问题,正面
949买的32寸电视，性价比很高了，老人自己之前买个电视，还是先锋的，32寸，还要1200，坏了没有售后，只能找guo美还是su·宁的售后，上门就50，还不管修理费，果断换新的，相信小米售后能强很多。,正面
电视质量不错，价格实惠，预约安装效率高,正面
昨天下午订货，今天就到这速度真快辛苦快递哥了，这颜值爆表了高端大气上档次，开机验货没有问题坐等安装。等看两天在来追加。,正面
电视不错，价钱实惠，给父母买的~就是所说的语音功能没有发现怎么用,正面
电视机太好了，我都想把家里另一台电视机也换了，最近迷上小米电器，连买了好几样，都很好！,正面
电视不错。值得推荐！,正面
不错 满意 双十一买的 ??,正面
价格便宜，画面清晰，功能齐全,正面
很好，不错，服务好，下次还会购买，服务好，配送给力，产品给力,正面
帮朋友下单，忘记了拍照了，开箱看效果很好，超薄，显示效果清晰，还是很值得入手的。,正面
看上去很不错～还没装～装好在发图,正面
质量很好，很清晰,正面
电视机收到后叫送货师傅开箱检查，没有发现破损，感觉电视机是自己的想要的，还不错，待电视柜买回来后再通电试用。,正面
非常不错，很满意,正面
下单以后很快就送到了。用下来感觉还不错,正面
电视品质很好，不错，京东信得过,正面
本来一直纠结在这款65的和另一款55的电视之间，由于客厅不太大，有点担心65的会不会太大了。 直到电视安装好之后一切的担心都是多余的，而且我也告诉准备买电视的同学，客厅还是要买大一点的，买大不买小啊！ 索尼的品质不用怀疑，电视很好，非常清晰。4K的画质果然不是盖的，再得益于65的大屏幕，能看到比以前更多的细节，最明显的是以前的老片子，居然被我发现了吊着的钢丝。哈哈！很强大。 再者，送货也很快，比约定时间还早就送过来了。送货师傅也很耐心的帮我验货，看看外观有没有损伤，电视能不能正常开机，试完后还帮我把包装盒重新装上，像刚送来的一样。非常好。 最后，安装师傅也很好，由于预约的时间到了下午，可能他来不及来帮我安装，但是他竟然在过了下班时间加班来帮我把电视装好，装好之后也帮我把盒子这些都调试好了，真是非常赞。 总之，这次的电视买得很赞，服务也很好。感谢送货师傅和安装师傅！,正面
画面清晰，遥控板手感好。就是开机和关机时间较长。,正面
不错的选择,正面
服务就是好非常满意,正面
质量很好家人很喜欢画面高清很值得购买一直都在京东上买东西很依赖支持哦?????,正面
还是不错的，性价比高级,正面
服务不错，送到家，可以 2017-12-03 09:45:39 追加： 手点太快了，没满分，给满分好评，服务不错，很有耐心，赞个！！！,正面
不得不说风行电视真是良心品牌，买之前还一直在纠结电视会不会很小，结果买回来一看屏幕真大，尤其是边框很宅，几乎屏幕全部占据了整个电视；昨天下的单，今天就到了，客服也是十分贴心，下单五分钟左右就打电话过来确认送货时间收货是否方便。电视试着操作了一下，反应速度很快，电视电影播放流畅，应用和游戏丰富，关键是这么优质的电视价格还很优惠，绝对的物超所值！ 晒单： 收起 向左转 向右转,正面
售后服务不错，厂家不时打电话来询问落实情况。,正面
送货很快，显示屏蛮清淅的，没有帐号暂时看不了，习惯好评，用了好的话继续追加好评 晒单： 收起 向左转 向右转,正面
比实店的商品便宜三分之一，收视效果没的说，太棒了。,正面
非常好,正面
家里客厅用正好，能连wifi，能用有线，还能用会员看各种风行资源，不错,正面
小米的电视还是蛮不错的（父母比较满意），只是安装必须要小米人员安装，价钱相对于其他产品有点小贵，先用一段时间，再追评吧 晒单： 收起 向左转 向右转,正面
东西很好，非常满意,正面
双十二买的，我人在外地当时货源紧张，和客服沟通，客服态度非常好，说尽快发货，3天就收到电视，问了家里，家里人说画面清晰度高，联网非常流畅。我听到这也觉得值了，还赶上双十二降价，物美价廉。,正面
不错的，很适合，价格也可以，很好的一次购物。、,正面
整体效果不错,正面
收到了，物流挺快的，试了试显像没问题，满意吧。长时间看看色彩、听听声音再评价品质。,正面
不错可以，海信大牌子。我们一大家子都用海信的,正面
很好看，很高清 速度很快,正面
电视很好，价格也便宜,正面
收到啦 回来邻居售后安装滴 效果很棒 清晰度也很好 送货也快 神速啊,正面
电视已经收到！开机试了试很好，画质清晰。第一次买电视觉的挺好。总体价廉物美！拍的视频放不上去不知啥情况！赞！,正面
轻巧便捷式，做卧室电视用足够，好评！ 晒单： 收起 向左转 向右转,正面
发货速度非常快，两天就收到了，安装也很方便，画面非常清晰，颜色正常，运行速度也快，影片内容丰富，想看什么就看什么，开始买的时候还有点担心不好用，现在看来放心了。,正面
已经收到了。很满意，价格不贵，质量很好，很不错，很好很好很好好的好好好好好好好好好好好好好好好好好好好超清新。,正面
给父母买的…… 挺不错的！,正面
给父母买的电视 爸妈很满意,正面
质量很好，画面很清晰，屏幕很大，家人都很喜欢,正面
风行(FunTV) 55Q2 55英寸 4K超高清 QLED量子点 8G+64位芯片 秒播 BesTV海量内容 超窄边框网络智能WIFI平板液晶互联网电视，京东快递服务一流，机器美观大方，物有所值，节目丰富，一测试各项完美， 非常不错! 完全达到了4K品质，画面清晰，画质艳丽，细腻柔和。声音无杂 音。系统操作十分流畅，最重要的是送会员,正面
配送速度太慢！11月11日买的，12月15日才到…一催在催呀！15号才到！等了一个多月…安装完试了一下各项都挺满意！反应也可以！总体来说性价比挺高，可以入手！应该是太火了没货！画面质量也不错…,正面
内容较多，操作方便，轻薄，不知是否耐用，待观察,正面
比实体店便宜多了，的是很便宜,正面
电视终于到货了！不过没让我失望，这个价位，能买到这么好的电视，少儿内容很不错，学英语啦，外国的动画啦等等，很棒！超画面也非常清晰，超值！赞赞赞！,正面
给家人买的，看了挺好的，十二点抢的,正面
给家里买的，不错,正面
非常好，就喜欢京东，,正面
价格优惠，东西很好，送货速度快！快递员辛苦了！,正面
送货上门安装，不错,正面
不错，功能齐全，wiFi播放，无网能观看。,正面
好，不错，看起来很大，很好看,正面
速度快,正面
挺快很好不错,正面
屏幕清晰。颜色也正。朋友很喜欢，,正面
外观很漂亮，画面清晰，家人很喜欢,正面
送货很快，双十一价格很给力，便宜好用，买给家里老人用的，清晰度高，音响效果一般，对于声音没有高要求的可以考虑。,正面
质量不错，画面很清晰，很好！,正面
物美价廉，淘气值淘气值淘气值淘气值物淘气值淘气值淘气值淘气值淘气值淘气值淘气值淘气值物淘气值淘气值淘气值淘气值淘气值淘气值淘气值淘气值物淘气值淘气值淘气值淘气值淘气值淘气值淘气值淘气值物淘气值淘气值淘气值淘气值淘气值淘气值淘气值淘气值物淘气值淘气值淘气值淘气值淘气值淘气值淘气值淘气值物淘气值淘气值淘气值淘气值淘气值淘气值淘气值淘气值物淘气值淘气值淘气值淘气值淘气值淘气值淘气值淘气值物淘气值淘气值淘气值淘气值淘气值淘气值淘气值淘气值物淘气值淘气值淘气值淘气值,正面
货已经收到了，快递速度快，服务态度好，质量也很好，价格实惠，放心商家点赞。,正面
送货上门很快 电视也很不错,正面
安装完毕，物美价廉,正面
送货速度很快。联系上门安装也很方便。出租房利器，以后搬新房了，也打算搬过去。液晶实在没必要追求名牌，大概是差不多的面板线，区别不大。功能也很齐全，没有坏点亮点，很满意。开始眼睛还有点不适应，现在越看越喜欢了，性价比很高 晒单： 收起 向左转 向右转 2017-12-28 15:36:22 追加： 4K的乘风破浪，终于有空看了，好清晰 收起 向左转 向右转,正面
已经收到了还没有安装使用应该不错！,正面
非常不错 清晰 运行速度也很快 是正品 各方面服务都很好！,正面
京东物流太快啦，晚上下的单，第二天就到啦，电视还可以，挺清晰的，就是买的小了点，在买大点就好啦，,正面
送货服务很好，电视看上去很大，真心不错，老爸喜欢,正面
电视效果不错，相信京东，非常好，！！！！！！！！！！！！,正面
值得信赖，音质不错，画质很好,正面
电视方便很不错！,正面
真的好大，显示效果也超赞，放在公司用，挂墙打孔遇到点问题，所以还没挂起来，先放在地上试看了一下。,正面
图像清晰，物超所值，美观大方,正面
非常好的风行电视，画面清晰，系统流畅，音效也不错。超高性价比的4k高清电视，刚拍下第二天又帮同事拍了一台，风行电视良心价，必会大卖！,正面
"双十二购买的创维（Skyworth）65H7 65英寸25核HDR超薄全面屏人工智能4K超高清电视(银色)，预约16日送货，京东的服务确实不错，送货师傅很实在，送到家拆箱验货，外观很漂亮，简单时尚，边框设计比较窄，电视比较薄，黑色边框跟电视一体，全面屏效果很惊艳。65h7，cpu是a73，内存ddr4，相同价格里都没这种配置，电视机整体设计时尚，显示效果很惊艳，马上实验蓝光视频,清晰度非常好，色彩非常鲜艳，看起来很爽。酷开5.8的系统，系统响应速度很快，视频资源等会员送了再试试。视觉无边框，我比较喜欢，无边界方显大视野； 2G DDR4+8G FLASH，配置好电视才能运行快；电视外表整体做工还行， 拥有HDR技术，广色域技术，4K MEMC，色彩好，拥有HDR技术，广色域技术，4K MEMC，画质清晰音质也还好 杜比解码+DTS解码，立体环绕音效，搭载酷开系统5.8。创维售后服务也挺不错，预约安装后很快就有反应，免费安装服务不错，就是送的普通挂架也太普通了，感觉太单薄了，不敢装，还是花钱买了个售后师傅带的挂架稳当点。还没搬家，进一步的感受以后再追评分享吧！",正面
电视很清晰大品牌值得信赖,正面
"商品不错。,发货速度很快,是我想要的那一款,产品包装完好,试用了才来评价的,以后买家电就上了,也会推荐朋友来买的。 2017-12-01 21:21:48 追加： 商品不错。,发货速度很快,是我想要的那一款,产品包装完好,试用了才来评价的,以后买家电就上了,也会推荐朋友来买的。",正面
很快就到家啦，客服帮忙预约的安装，非常满意,正面
正品价格超值值得推荐,正面
电视非常好，售后安装小伙非常棒，服务态度好,正面
画质真的好 音质也可以,正面
非常好，物美价廉！值得购买！,正面
已联系挂墙安装完成，服务不错，就是侧面看上去有点厚，但价格确实便宜啊。,正面
电视很清晰，直接联wify速度也非常快,正面
东西不错依旧信赖京东,正面
特别好 给爸妈买的,正面
不错！,正面
好用，清晰，不错的选择，值,正面
不错的购物，电视屏幕确实够大是很清晰，今天到货了就装上在看的，没发现什么瑕疵。用着时间长在看屏幕怎么样的。 晒单： 收起 向左转 向右转,正面
非常好,正面
还不错。挺好的，后来又买了一个。,正面
蛮好的、放房间里正好！清晰度好,正面
非常好，很满意,正面
画质、音质都不错 晒单： 收起 向左转 向右转,正面
第一次买这个品牌，物流超级棒，还提前预约送货时间，师傅很细心，开箱检查屏幕，画面超清晰，总体感觉超棒,正面
非常好，非常喜欢。,正面
很不错，性价比高,正面
"电视很清晰,质量好!",正面
电视不错,正面
很好，质量不错，图像清晰。很不错！！,正面
"65的屏幕大，三星的屏，用测屏软件测试屏幕无亮点，色彩还原度高。接有线电视机顶盒看电视效果非常，开机可以直接进入到有线电视界面不用切换，很好。操作界面简洁好操作，老人也好操作，会用安卓系统的应该都会用风行电视。联网注册后会员赠送三个月，风行微信公众号里详细的说明,配置信息，常见问题等。大家可以先关注风行公众号，在选择电视里面有比较全面的介绍。",正面
双十一买的，买了两台，一台12月6号才送到，一台不知道什么时候送，而且不给安装，家里的父母又不会安装，安装还要另收费，就算预约了安装，不知道赶过年能不能装好！这不是欺负老实人嘛。都说比tianmao好，真不知道好哪里去了！上次从自营买的大米，虽然便宜，和超市买的都差距很大，蒸出来都是臭的！唉，说多了都是泪，以后还是上tianmao吧！好都是炒出来的！实际购物体验压根没**大店好，虽然我很支持LQD，真是寒心啊！,正面
宝贝还不错，值得购买,正面
价格便宜公到，效果很好，自己买的挂架，自己安装。 晒单： 收起 向左转 向右转,正面
这个电视很还错，价钱便宜值得一买,正面
配送，安装的师傅服务都很好。,正面
京东电气值得信赖，一直京东网购；不过这次购买的索尼电视有个缺点就是发现背面的螺丝会漏电，不知是否其它的也一样，希望索尼要在出厂之前加强安全检测否则后果不堪设想。,正面
经济实惠，播宣传片用的，真心不错！,正面
非常快的物流，下单第二天一早就到货，东西不错，一分钱一分货,正面
用了两天再来评论的，太帅了，第一次在网上买大件物品，一开始只是想买个电视，就先从网上看看，然后去实体店做下对比，店里比网上的贵好多，一直不敢买，担心网上的不行，这个品牌我以前也没怎么听过，我从双十一就开始各种看电视品牌，了解电视质量等问题，直到双十二，我看到了风行，价格很实惠，看了评价也还可以，一天我那心就一直纠结，到底买不买，晚上过了12点就回复价格了，本来都打算买大品牌的，大品牌贵着两千多，心思买个又好又实惠的岂不是两全其美，最后我就下定决心买了风行，京东快递果然很快，两天就到了还赶在我爸的生日前一天，给了老爸一个惊喜，老爸很喜欢，我也很喜欢，推荐大家都来买，真的很不错，款型功能都是我喜欢的，希望可以用的久一点,正面
虽然还没有使用，但是量子点好在色域广，可以达到接近连续光谱。色域对比，前者是普通蓝色光谱，后者就是量子点LED，色域多了30%以上，加上价格还是不错的，所以还是可以推荐周围朋友下单。,正面
虽然蛮后悔错过双十一8000E的活动买了这个，但就电视本身还是很满意的,正面
电视已经收到，安装送货很快，师傅态度也很好，画质很清晰，总体都很满意,正面
清晰度很好音质很好外观漂亮非常满意,正面
小米电视的确不错！值得信赖！个人很满意！,正面
真服还不错的。？。。。,正面
真的非常好，也非常清楚，夏普的电视就是好,正面
东西收到了，质量不错，是正品，价格也实惠，好评好评好评！ 晒单： 收起 向左转 向右转,正面
很不错，漂亮，效果也好,正面
第一次在网上购电视，之前还有些犹豫，买回来效果好不好，会不会有问题，有问题怎么呢，但买回来后，发现不错，很好,正面
挺不错的，家里都很喜欢,正面
老顾客了，东西很好，会回购,正面
產品很好，發貨很快，超好砰,正面
搞活动买的，物美价廉，美观大方，但是跟4k的清晰度还是有一定的差别，安装很简单，就有两个腿四个螺丝 晒单： 收起 向左转 向右转,正面
物流超级快，服务非常好！下次在购买,正面
送货师傅服务很好，试清楚没有问题才走的。终于买到心爱的小米电视，玻璃镜面一样薄，完美的工艺,正面
35台电视，公寓用，客户很满意，应有尽有，羞羞的铁拳也可以看，当时活动抢购的，预约了送货时间，很准时。服务非常好给个五星大好评,正面
支持小米支持，服务好,正面
不错,正面
发货速度很快，第一天拍的，第二天就到货了。电视画面质量感不丑，很清晰,正面
质量杠杠的，有图有真相，4K超高清，价廉而物美，超高性价比，要得哟！,正面
第一次买创维电视，在58寸和65寸之间犹豫了很久，最后还是选择了65寸，本来担心会太大，装上后效果不错，12号买的，需要调货的原因等了几天15号送到，货到20分钟后安装师傅就来了，创维提供的免费安装，加了点钱换了个好点的挂架，提醒大家要等正规的创维安装人员，物流信息会泄漏，货没到就有其他安装人员电话联系要安装，但要收费，差点被忽悠,正面
暴风的电视不错，买的时候有点不放心，货到后东西很棒！接电源和无线马上就可以看了 晒单： 收起 向左转 向右转,正面
挺好的，快递很快，服务周到，好评,正面
好评吧～个人感觉电视都差不多～～～～～～,正面
特别喜欢，很大，很清晰，特别实惠，活动的时候买的。,正面
电视够大气 画面清晰 就是还不太会用,正面
超值，第一电视很大，第二反应速度不是很慢，第三就是音质再提升一些会更好,正面
双十一购买的，非常划算，后面出现了质量问题，京东售后上门检测后，给换了新的，觉得这个服务不错,正面
小米电视不错，电视很薄显示效果也好。看着舒服，相信。,正面
性价比不错,正面
外观很漂亮，分辨率一般吧,正面
"购买后20小时内送到家,超快的,快递，安装人员都给赞，电视效果很好，价格划算，很满意的一次购！",正面
性价比很高，不错非常满意,正面
风行电视一点即播不卡顿果然名不虚传，够快够清晰，厉害了，你值得拥有，非常棒！,正面
电视不错，画质清晰,正面
很赞。。。。。。。。。,正面
很喜欢小米电现，功能多画质好，还可以手机操作，送货快售后服务好,正面
总体来说还行吧！比起实体店的超薄来说，这款应该是专供电商销售，虽然说是4K，但是没有片源来测试也不知道效果如何。如果买电视机送架子该多好，有些型号送，有些不送。,正面
电视是双十二前一天买的，下单之后客服就和我确认时间收获，结果第二天就收货了，然后安装不懂问客服也很耐心解答。电视是4k的屏幕，看电视很清楚，安装的师傅还用4k片源对电视进行测试。电视自带的视频很多，儿童的，热门电影，喜欢的动漫，免费的也挺多了。现在很满意，等使用一段时间，再来评论。总之客服热心，物流和安装特别快，从下单到安装视频就使用了两天，第一天送到，第二天安装，客服都会主动联系你，安排时间。,正面
非常好 客服非常好 五星好评,正面
长虹电视不错真的好，家里人看看都说好,正面
这款电视相当不错。机身是黑色的塑料，看起来还行，机身厚度挺薄却颇为高大，有点担心两个脚能否撑得稳。屏幕出厂带有一层塑料薄膜要撕开才能看清楚，屏幕清晰度相当高，看超清格式的视频就足够清晰了，这点倒是挺满意的，据我感官屏幕应该只有72色域，相对更高色域的屏幕稍显发白，不过这价也不好要求太多。系统流畅度不错，按着安卓手机的尿性买之前还以为这配置会卡得很呢，看来安卓电视和手机还是有差别的。总的来说，这机子物美价廉吧，就看能用多久了。 晒单： 收起 向左转 向右转,正面
电视买来几天了，才来评价，我觉得还是物有所值，电视自己调试的，快递员也很尽心，尽力，还从小区大门口给扛进来的，感谢快递员。。另外，电视还是清楚的。,正面
电视父母用了一段时间了，挺不错的,正面
好好好好。,正面
这是我目前买过的性价比最高的电视，真的好大，好划算。目前没有发现任何问题，物流也很快。别的不多说了，很满意，直接上图。,正面
已收货，还未启用，相信大品牌,正面
给老弟买的，很不错,正面
质量不错，物美价廉！,正面
物有所值，太棒了,正面
速度很快，感觉不错，，,正面
物流的速度真心令人佩服，夜里下单，早上就就收到了，各种体育频道，儿童节目家里孩子都很喜欢！节目非常丰富！操作系统很流畅，画面清晰！家里人都很满意！屏幕超赞！ 晒单： 收起 向左转 向右转,正面
电视不错，性价比超高，虽然没有双11划算，但已经很超值了,正面
已经用了两天了，感觉还可以值得购买,正面
风行电视不错，这是我购买的电视中品质都不错的产品,正面
第一次买索尼。送货员。服务态度好！,正面
电视收到了，画面清晰，特意放了好几天，很不错，公公婆婆很喜欢，如有需要，还会光顾,正面
物流公司的师傅很不错，赞一个，电视也还不错,正面
一波三折，出现些小问题不过售后服务很到位，耐心。超赞 用的放心,正面
不错,正面
双11买的，3299入手，买个plus会员立减100，电视看了好多款，配置比较了好多天就等双11看能便宜多少，结果还那么多，买来送人的，电视大气性价比高配置高，就是标配挂架太坑了，~买那会还没货一直等大半个月才有货，京东还没卖的，其他的都炒鸡满意。特地用了一个多月才来评价，本来朋友想买三星的，除了品牌大点其他的都没这个好，而且那款还是国产屏，买个贴牌的还不如这个实在，还是曲面的。现在用着朋友也非常满意，过几天就搬家请酒了，nice！！,正面
很好 用 正品行货 非常喜欢 我爱京东,正面
满意，好满意，超高清，感谢风行，用过才知好看，一万个赞，如果我选择电视机，我定会选风行，我也推荐风行给大家，众位可以试试。,正面
很好，很清楚,正面
电视机质量很好，画面很清晰，包装结实牢固,正面
第一次买小米电视，比较了几家同价位友商的的电视，还是支持小米，电视那是一个薄啊，ID无边框带来的视觉效果很棒，配送员的态度很好，安装师傅服务很周到，下次买大家电还是商城买！ 晒单： 收起 向左转 向右转,正面
很棒,正面
非常棒，全家都喜欢,正面
颜值高画面好，很划算！,正面
影像清楚，音质清亮，物流也很快。海尔的产品就是好！,正面
电视看了一星期了总体还不错，建议购买,正面
电视效果不错，配送迅速，大促时效不降级，安装及时。,正面
电视很清晰，整体造型时尚大方又漂亮，快递服务到位，装机服务人员很专业，细心。很满意这款风行互联网电视。,正面
给公司买的，同事都说效果好，京东快递也很给力！,正面
货品已经收到了，色彩挺好的就是没有之前买的45寸的价格实惠，但是跟实体店的价格比便宜多了,正面
画面，清晰度，都还不错，给家里老人买的，上手简单，物超所值,正面
双十二买的发到乡镇 没想到这么快就收货安装了 安装师傅很专业 讲解很细致。电视外观漂亮 窄边设计显得屏幕更大，画质清晰 比一般4k电视色彩更丰富，智能界面简洁易操作，风行资源够多，也可以自己下载软件。风行网络资源没得说电影电视剧 少儿节目都很多而且操作简单 老人学起来都很方便，买之前对比很多只能电视 现在看来风行物有所值！,正面
不错可以.........,正面
索尼大法好～电视特别棒！画质清晰！之前自己买了一台，今年双十一给爸妈也买了一台！物流师傅也特别的认真负责，由于是送到我妈家的，很耐心的联系我和我妈送货情况！,正面
看了一段时间，整体感觉不错，就是会员的内容还是太少了，以后估计得再弄个盒子,正面
电视还挺好的，不知道用段时间会怎样以后再来评价吧,正面
像语音遥控 免费会员配套多一些就更好了,正面
不错,正面
货已收到，实物跟图描述的一样，不错的一次购物。,正面
这已是买的第二台风行电视了，前面那台是55寸的，使用至今非常不错，软件安装，清晰度，片源更新快，儿童动画片片源多儿子喜欢，遥控器操控灵敏度高。这次是趁1212把卧室的tcl给换了，那机子操控慢，遥控器不灵敏，操作系统超级慢半天没反应因此才换成这台49寸风行电视，希望能像55寸那台一样满意。,正面
双十二买的，前几天刚装上，总体来说，外观比较大气、上档次，创维的设计师还是比较有水准的，性能、色彩、智能化都达到一个比较高的水准，整体运行速度较快，屏幕色彩呢，感觉肉眼能看到的这个效果已经很满意了，酷开系统，智能化和人性化都比较不错，语音识别功能在使用过程中出现了一点小问题，但是仅仅出现了一次，后来经过咨询客服，重新连就好了，语音识别率很高，赞一个。总的说来，这款电视有几个优势：首先是创维品牌，售后有保障，大品牌值得信赖；其次就是性价比，在这个价位能买这个配置和尺寸的，估计也只能买其他一些非主流牌子；第三，颜值和配置都比较高；第四，京东的服务不错，物流也快。综合以上几点，客观的说，这款电视非常值得入手，想入手的小伙伴抓紧入手!,正面
今天刚把电视打开装上，先来说说这款电视吧，真不错，很满意我在双11总共买了三台电视，两台放卧室，这台雷鸟放客厅，突然感觉到很高大上，另外两台分别是暴风和风行，不能说他们不好，只能说这款雷鸟太棒了，不比就没有伤害原来是真的，这款电视画面感真的很好，很清晰，音质也很好，突然感觉自己做的最对的决定就是选择了雷鸟，我是京东的忠实粉丝，我家的电器，我周围朋友家的电器都是我推荐的，如果我的朋友再购买电视我一定推荐雷鸟，今天好几个朋友过来玩都说我这款电视很棒，我听了很有成就感，相信京东，相信雷鸟，,正面
宝贝很不错，画质也不错，快递到得很快，总体蛮满意。,正面
该电视非常满意,正面
第一次购买酷开电视，创维子品牌，相信大品牌应该不错值得信赖。4K49寸双十一零点下的单，省内仓库发货，物流超快，第二天就收到了，各方面还在研究应用中，总体质量不错，画面效果好，客服服务也不错，就是应该很忙，嘻嘻。音质挺好的，过年就能看上新电视了，选来选去还是选择了酷开，相信自己是明智的选择，值得入手，性价比高。好评,正面
这个价钱算比较值了，毕竟49寸，暂时用没有任何问题。自己买了挂架自己装好，性价比比较高,正面
刚安好，性价比很高，东西和服务都五星好评。 买的时候忘了仔细看那些买够送、安装收费的政策…… 房屋新装，没入住，约快递和安装都多有不便啊，建议后来者入住了再买电视。 提醒：买了后要自行电话报装才有人装哟！,正面
送货速度挺快的 安装人员也挺好 直接全部安装调试好了。质量不错。会推荐别的朋友也关注这款电视机,正面
电视很棒！性价比很好，上门安装的师傅业务娴熟。总之很赞,正面
一份迟来好评，电视看了一个多月了任何方面都很满意，比想象中的要好很多，网速也相当快没有任何问题，手机投电视也很清楚，送货的速度的也很快，完全按着预约的时间送到，系统布局也很合理，连上wifi就完事了，音质方面非常好?，总体来说很满意，性价比高，房子整完了准备买个大的放厅里。,正面
双十一购买的创维（Skyworth）65H7 65英寸25核HDR超薄全面屏人工智能4K超高清电视(银色)，第二天送货师傅就送过来了，因为家还在装修，所以安装延后了。创维电视65H7 CPU采取Cortex-A73架构，25核处理器能够让电视更好的运转，2核CPU、6核GPU、5核VPU加上12核协处理器，超强的硬件配置，全面提升处理速度，爆发强劲性能。自带2个扬声器，标配usb接口、HDMI接口，内置WiFi能够有效的链接游戏机、电脑等外接设备，在家中畅玩。联合杜比与DTS双解码技术，让立体环绕音效无处不在。独立四音腔，大幅降低噪音，给电视用户带来影院级别的音效体验，身临其境班的真实感受。,正面
价格便宜品质好，屏幕看电视很高清,正面
电视画面很清晰。价格很实惠。抢购抢的省了好多钱。2k的屏幕，质感很强。对于卧室来说39寸显得超大。非常满意。窄边宽设计。电视很薄。质感很强。黑色的很大气。系统操作简单明了。运行速度很快。性价比很高。看了那么多。对比了那么多。真心觉得超值。推荐！感谢安装师傅的耐心。感谢风行电视。希望你们越做越好！,正面
本来是想买小米电视4a的，但是没货。经过一番对比，最后买了风行电视d49y（主要是看上送三年会员，再加上平时也经常上风行看视频。） 双12下单，13号中午就送上门了。我墙上已装有旧的电视架，就自己动手安装了（原来的螺丝不对，五金买了几颗），省了安装费。 几天的使用，总体感觉还不错，总结一下 1.清晰度不错，色彩淡了点，窄边框设计也很好看，声音饱满，完全够用。2.买之前一直怕配置低操作不流畅，使用下来完全够用，只要图片全导入后系统流畅度没问题。3.平台节目内容还算齐全，最主要有老婆和小孩喜欢的tvb的粤语剧集和丰富的少儿节目。好评！4.可以安装第三方软件，遥控器不支持语音的。 总的来说电视+3年会员这价钱值了，希望风行能继续更新系统和节目，风行电视加油！,正面
十二月一号下的单，二号就收到了，送货挺快的，配送人员服务非常好。电视机感觉不错，现在是相当满意，但愿以后也不出什么问题,正面
低端的大法，也不错啊,正面
50H7使用几天，我以前买过几次创维产品，感觉现在的颜色比以前大有进步，红蓝绿三色明显可调鲜艳一些，不像有的电视机红色嘴唇会成紫色。草地绿油油，耐看。反差恰到好处，不过分。声音比以往电视机大大上了台阶，音色层次分明不浑浊，听音乐钢琴曲实用。目前其实极少超高清片源，一般高清电视播放够好的了。 送货快。好。 收货后打安装电话，对方要价高，说明网上收费标准，于是就降低接近一半的价钱！！！！大概电话对方以为我们没搞清网上收费标准。这是值得注意的。莫坏了创维名声！ 创维客服解答调整问题很耐心认真，谢谢。,正面
"我是2017年12月18日购买的创维65H7　65寸电视，家用，电视就是试了下。65h7，cpu是a73，内存ddr4，电视机整体设计时尚，显示效果很惊艳，HDR,4K MEMC 画面没得说 预设色彩非常鲜艳，看起来好有立体感，身临其境感觉，特别是图片显示，也是4K高清图，色彩异常靓丽。酷开5.8的系统，系统响应速度很快，资源挺多的。视觉无边框，我比较喜欢，无边界方显大视野； 2G DDR4+8G FLASH，配置好电视才能运行快；电视外表整体做工还行， 拥有HDR技术，广色域技术，4K MEMC，色彩好 。画质清晰音质也还好 杜比解码+DTS解码，立体环绕音效，搭载酷开系统5.8。总体还是不错 值这个价格",正面
网络电视，看视频很方便，很好！海尔大品牌，支持,正面
支持京东，物流给力，商品货真价实！！！,正面
图电视剧的尺寸大性价比较高，最主要的就是搞活动的时候价格也不是太高啦,正面
东西收到了，以前买过特别好。,正面
看起来画面挺好，色彩比较真，相信Sony，等后期使用看看怎么样,正面
电视收到了，打开看看，配置和质量非常好， 就是买的吊架还没回来,正面
电视不错，但是电视买了再送挂架就是个坑，等挂架到了过了七天无理由退货了，安装也是毛病多，和品牌旗下的安装师傅沟通不够，联系几天也不来安装。好吧我自己联系，人家说不给现金就不给你装，我忍。打售后电话，过了一天多，还是不来。没办法，十五天有问题换货又要过了。我就自己掏钱吧，安装师傅来的麻溜麻溜的。正好安装的时候售后打电话了，经过沟通她们让我先给钱，再把钱转给我，过了一天的确转给我了，还不错。再说电视，幸好还能看，不然就是一次性产品了。我反正不会回购了，糟心了。,正面
非常非常满意，不到一千元，买了这个电视，性价比超高,正面
还可以，物超所值，价格实惠,正面
物流给力，送客户的！后续评价！,正面
画质不错，超窄边框也挺好看，就是这个语音功能很值得吐槽，反应超级慢，识别我说了什么要15秒，按我的要求执行也要10秒，评论视频录制时间上限是10秒，只能录下它识别语音的部分，比我的某某精灵智能小音箱反应慢nnnn倍～有对比有差距～还要继续改进啊～安装本来这款搞活动免费的，但是我自备了旋转挂架，又是瓷砖墙，打洞收100，安装高端挂架收100，福州的，给大家参考。,正面
还行吧，价格便宜的4K屏，还挺值的！,正面
整体使用，感觉不错，颜色也不错，反应也很快，物超所值,正面
性价比高，对于我这种北漂，最合适不过了，价钱便宜，质量又好，刚开始没报太大希望，觉得便宜质量不会太好，能看就行，期望不高，结果收到货，打开看了两天，很惊喜，觉得真的是买值了，赞赞赞！,正面
物流发货很快，收到电视后自己就能安装调试好，画面很清晰，看了几天才来评价的，很超值,正面
电视很清晰，音质也很好，既美观又大方，送给老妈的，她特别开心喜欢,正面
电视你回来了，安装师傅也挺负责的，效果还比较满意,正面
商品不错。老爸老妈很喜欢,正面
小米电视我喜欢，很薄，清晰度高，真的是高大上。,正面
酷开，买了两台了，好用，不错的电视机,正面
打开一看，非常好，喜欢！我个人比较挑的，不过见到货品踏实了。非常不错！还有接待我的客服态度也很好，耐心！祝你们生意兴隆！,正面
非常大气，性价比非常高，强力推荐！ 晒单： 收起 向左转 向右转,正面
质量很好，画面很清晰,正面
好产品 晒单： 收起 向左转 向右转,正面
因房子装修没有结束，还没有安装试用，电视机通电试了情况良好，售后服务也不错，啇家服务很好?，等正常使用了再来追评。,正面
外观漂亮，清晰度很好，画面无停滞，色彩艳丽。信仁国货，相信海尔。京东的催货设置很人性化，点赞。很满意。,正面
不错,正面
老品牌，值得信赖。长虹一直是我支持的牌子！,正面
非常不错比想象中要薄，当初本想选小米，比竟飞利浦品牌更强,正面
看起来不错，还没用，很期待,正面
图像不错，音效也很好，自己安装好底座，送的电池没电的，还以为遥控坏了，送三年会员很划算,正面
物流和售后都好,正面
78寸放在家里就是气派，三星屏幕又大又清晰，观看体验很好，真的很喜欢，达到期望值。客服服务也很周到热情，有什么问题都耐心解答。物流也快，包装也好，线下服务人员态度也很友好，很满意的一次购物。期望音响也不会让人失望。,正面
挺好的，帮朋友买的，今天去看了一下，沒有任何问题，放卧室不错，放在客厅建议买55寸或更大的。,正面
特意用了两天才评价的，电视功能强大，连接Wifi反应很快，屏幕也很清晰！这个价格买到曲面而且功能多，反应快的电视确实很划算！客服态度也很好！,正面
商品不错。好东西。很清晰。准备送到客户哪去。准备装车了。 晒单： 收起 向左转 向右转,正面
画质很清晰，质量很好哦。联网就可以看电视，很方便。49寸的也很大 很适合家里。爸爸喜欢看抗日神片，电视一直被他霸占了。小侄子要看动画片 奈何自己不会按。哈哈哈。 晒单： 收起 向左转 向右转,正面
不错可以耍游戏 晒单： 收起 向左转 向右转,正面
很满意！很不错,正面
买电器到京东还是可信的！发货速度快，第二天货已经收到了。电视机的清晰度很好,正面
一直想着今年双11入手一台平板电视的线下实体店线上各平台纠结了很久最后机缘巧合选择在京东这里入手到货很快简单安装后就开始欣赏节目了大屏幕真是让人欢喜,正面
非常不错！！！！！！！！！,正面
效果好，物流快捷。,正面
电视非常大气，大家都说挺好的，很满意的一次购物。 晒单： 收起 向左转 向右转,正面
??夏普 (SHARP) LCD-50SU460A 50英寸4K超高清wifi智能网络液晶平板电视机（黑色），画面清晰,正面
电视声音和质感都很不错而且大气,正面
送货速度不错，没过两天就到了~收到以后很激动，这是我家买的第一台互联网电视，期待很高，所以选了这款性价比较高的风行量子点电视。开机后感觉不错，显示色彩鲜艳，更贴近自然的颜色。画面清晰度很高，毕竟4k的硬件配置在那里。UI分区清晰简单，便于操作跟找到想看的模块，再也不用担心老妈不会操作了。功能也比较齐全，互联网电视该有都有。老爸，老妈比较爱看抗战剧，都市剧之类的，都说很清晰，屏幕很大，声音也不小，看着很舒服，很享受~感谢风行！第一次买互联网电视体验不错！希望风行越做越好！,正面
很棒的一次网购，各方面都很好满意,正面
超级保很好哈哈哈好太好了简直不好意思 继续支持谢谢大家,正面
电视很清晰，音质色质都很满意,正面
东西非常好,正面
还不错！真的还不错！第一次买这么大件的家电，一次不错的选购,正面
帮姨姐家买的，没看到实物。反映还行。好评！,正面
双十一当天1599到手价格。东西不贵，谈不上多好，够用吧，给家里老人看主要,正面
还行，比较实惠，性价比高,正面
不错,正面
宝贝收到了，安装师傅刚安装好电视，安装师傅服务质量很好，赞一个！电视质量刚刚的，而且价格实惠。很清晰，大气！在客厅里显得很大，一个字爽，店家的服务态度很给力！超赞！祝店家的生意兴隆！五星好评吆！ 晒单： 收起 向左转 向右转,正面
收到货打开试用了一下，画质挺好的，挺喜欢的！！！,正面
电视质量很好，清晰，送货快，一切功能正常，推荐购买！,正面
非常好,正面
电视机相当不错，就是自带的腾讯视频软件看不了，会员费白花了。,正面
东西收到了， 价格很实惠 ， 买到很开心， 越来越好,正面
货收到了，很满意。待装好后补评。,正面
第二次买，送人的，不错,正面
画面清晰，性价比很高,正面
物流快，这款机子大气超薄就是美中不足有点瑕疵屏不直不完美，叫老板换了一台就好了，要是图象再能亮净点就更好了。,正面
好好好好,正面
电视外观漂亮，屏幕靓丽细腻，创维电视不错,正面
买给父母用的，感觉清晰度很好，色彩还原度不错。,正面
体验了一段时间，先做个简单的评价，风行电视，49寸大屏，价格便宜，一点即播，资源丰富，色彩鲜艳，而且大气上档次，附近邻居都觉得价格在三千以上，说这么便宜的话叫我帮他也买一个，主要新房子还没装修好，暂时这样用着，到时再来追加,正面
服务很好，物流很给力，给五个星，产品也很满意，电视也很清晰,正面
很好很快就收到了很描述的一样,正面
第二次购买了，相当不错的电视。很喜欢……,正面
这款电视非常不错，家里很是喜欢，每个房间都装一个,正面
速度快，感觉非常好，应该没问题，还没有接上网络,正面
给亲戚买的，性价比挺高的大品牌。,正面
送货很快，还未安装,正面
非常不错的产品。物流、客服服务也是很棒……,正面
画质清晰细腻，颜色靓丽，物有所值。送货速度快，服务很周到。,正面
电视不错，操作方便，屏幕显示效果好。,正面
帮姑姑家买的，姑姑非常满意，价格也完美。,正面
一直在用创维，从老式电视就用它了，毕竟是老牌子。值得信赖。买回来家人都喜欢。,正面
联网方式多样：WIFI、热点、网线等；操作方便，买之前还担心操作复杂，没想到非常简单； 送货快，昨天订单，今天上午到； 服务好，现场帮忙开机通电，确保正常。,正面
很好，图像亮丽色彩鲜明。 晒单： 收起 向左转 向右转,正面
物流超快，安装师傅很细心，好用,正面
好还实惠,正面
非常满意，送货师傅人特别好。,正面
不错，挺实惠的货品，希望以后还有这样的价格,正面
听朋友推荐买了小米液晶电视，果然图像很清晰，很超薄，的快递也很给力，这次购物很满意。,正面
长虹的电视真的不错，物超所值。,正面
物流因为双十一慢了点，电视剧质量不错,正面
没想到这么巧同城发货 零点买的当天就送来了 送货叔叔辛苦了试机没问题 屏幕很大 买来送给爷爷的 爷爷特别高兴,正面
电视很好，安装师傅也很及时的上门安装了，师傅很仔细。,正面
物流真快头天下单第二天就到了比某 保强多了,正面
送货速度很快，配送态度好！,正面
电视真的很清晰，声音也大，55寸好大一台，超值的，一次满意的购物体验。期待好的售后服务。,正面
这个大电视真是太好了 效果非常不错 买给父母很开心 已经看上了 我家的电视都是这个牌子,正面
一下子购买了两台。风行电视，画面清晰，系统流畅。而且节目内容非常丰富。一台放在那地下一台直接挂在了墙上，美观。大方。 2017-12-17 11:37:54 追加： 两台都非常好。风行电视，就是好。,正面
快递员服务非常好，产品质量也美美的^O,正面
性价比不错，比起创维强多了。色彩比较鲜艳生动，各种功能都齐全，值得推荐。,正面
京东商城商品齐全，质优价廉，送货快，服务好。,正面
"挺好，送货速度超快,电视也挺好的",正面
电视收到了，简直太满意啦，快递小哥服务很到位给送上楼的，电视屏幕非常大，分辨率也很高，像素清晰画面流畅，系统可升级，功能很全面，总之非常好，推荐购买！,正面
画面非常清晰，不错，一直信赖小米,正面
我已经买第二台了。电视超清，物美价廉。值得购买。,正面
一开始在狠多网络电视种选择，最后选择了暴风，因为它有很多资源。购物过程也很舒心客服给了很多有价值的意见，到货速度很快，联系安装师傅也很积极给予了帮助，现在已经开心的使用了。推荐购买。,正面
物流超级快，两天就到，送货员也好服务到家有耐心索尼55寸好极了i,正面
不错，售后和送货的师傅都挺好，非常好电视也不错,正面
电视还不错；tcl王牌做工双十一价格比较优惠,正面
电视机收到了，画面清晰音质很棒，物流小帅哥服务非常好，给以五星好平!,正面
挺好的，怎么比买50寸的都好……,正面
发货速度快，电视很漂亮.,正面
灯很便宜，物流也很快！很漂亮?,正面
电视很清晰 服务很热情 值得购买 送的东西一件没少都收到了。价格很合理。非常好的卖家 值得支持体验,正面
第二次同款咯很不错性价比高这是重点！ 晒单： 收起 向左转 向右转,正面
电视非常好，节目资源丰富，反应挺快，色彩也还行，清晰度挺高！这样的配置这样的价钱真是性价比无敌了，第一次用风行品牌，值得信赖！ 晒单： 收起 向左转 向右转,正面
不错，很好的电视。,正面
4K高清，画面清晰,正面
家里之前的电视搬家的时候坏了，后来一直在关注风行电视，以前经常用风行在网上看视频，习惯了风行；这次买的49寸的4K电视放到客厅效果非常好，看电影追剧很舒服、很漂亮、清晰度非常不错、反应速度也快、视频内容很丰富，价钱也是超乎性价比。我十分满意，支持国产电视，支持风行越做越好。,正面
昨天晚上定的，今天下午就到了，速度很快，屏幕是三星的、感觉两都还不错，联网了以后速度蛮快的，比之前的网速快，资源里面还有英剧和美剧，挺好的。如果放高清电视屏幕很清晰，声音也适中，总之从各方综合下来，这个价位能做到这样很不错了，给好评，希望风行继续加油，以后作出更棒的电视！期待！,正面
电视机很不错，物流很快。,正面
不错,正面
东西挺好的，还实惠，就是在挂的时候遇到点问题，物流也挺快的,正面
酷开收到，按说明书很快入手，非常好,正面
不错,正面
不错,正面
电视机发货速度特别快，11号下的单13号就收到了，买的第二台，性价比很高！值得购买！,正面
相当不错的一次购物！?,正面
很好，物流很快，给力京东！,正面
不错哟,正面
家里全是长虹的电视，很不错，支持国货,正面
挺好的，挺好用,正面
特别喜欢，很大，很清晰，特别实惠，活动的时候买的。,正面
到货非常快，运行速度快，界面清晰，非常好。,正面
电视不错，音响效果也挺好的。之前不会下载乐视 优酷等视频，差点没退了，师傅上门取货的时候帮我下载了，那还退什么啦，很满意。,正面
双12凌晨当晚抢购的，疯狂到不睡觉都要抢到它，双11已经错过了，这一次怎样都要买到。哈哈！物流特别赞??????当晚购买，第二天下午就收到货！！从打开箱子那一刻已经迫不及待的想开机了。。一打开，画面非常惊艳，画质很好，无边框确实不错，马上把旧款的创维放到一边去了。。酷开系统挺流畅的，而且可以下载爱奇艺，腾讯等视频软件，音质很响亮，4K屏幕一流。非常好。。。现在还在摸索当中，哈哈。,正面
非常理想的一次购物，售后服务超好，安装迅速，效果超好。家里老人很满意,正面
小米电视机价格不贵，嗯，看着也可以小米的，产品还是可以的，支持小米,正面
东西很快到了 送货师傅也帮我搬到了六楼 辛苦啦 东西蛮不错的 空了叫师傅帮我挂墙上,正面
收到了非常不错，很满意。,正面
挺好的，方便安装,正面
京东真的配送很快～配送时效真快配送小哥态度很好 电视运行速度非常快～这是一款性价比超高的电视 支持京东商城 支持风行电视,正面
买回家给父母用，说不错清晰度蛮好的，还没回家，回家之后再来评价。,正面
电视非常好.够大.放客厅颜值高.品牌售后服务好五星,正面
电视已安装好了 挺好,正面
自己安装的比较简单音质也不错。,正面
又11买下的，优惠了一点，外观蛮大气的。,正面
电视机非常清晰，片库里面好多高清电影，哈哈，马上看了一天。收到货第二天服务电话就打过来了。客服香蕉芒果樱桃棒棒哒。非常满意的一次购物。,正面
电视质量很好！很高档，也很清晰！超赞,正面
给家里人买的，第一印象就是大，师傅安装很迅速，很不错的选择。 晒单： 收起 向左转 向右转,正面
电视挺高清的，希望可以用时间长点。 晒单： 收起 向左转 向右转 2017-12-21 17:44:54 追加： 录视频，照片，等等，开机时间有点长，屏幕很高清，等下链接wifi看看怎么样。 收起 向左转 向右转,正面
正品,正面
很好，不错，实用，值得买,正面
新买的产品，打开试用一下，挺好的，商家服务很好，很给力，物流也给力，其他的，用过一段时间后，再追加评论,正面
电视已收到，还不错吧，妈妈满意,正面
还是不错的，我感觉很棒的。 买给家人的。父母都很喜欢！！,正面
声音很大！不错的选择,正面
价格便宜，就是开机有强制广告，看着效果还算不错。,正面
第二次购买！一直用小米产品！很好用！很满意！,正面
价格合适，第一次买小米，希望不要让我失望！,正面
京东购物省心省力，服务好，配送快，必须推荐。,正面
价廉物美，喜欢！,正面
还是可以送货快,正面
感觉很好，12号1点买的，早上九点就送到位，下午售后进行了安装调试，很大，家人都很喜欢，支持国货！,正面
虽然用了半个多月才送来，但是终于寄来了，性价比算高的了，画面有待提高,正面
物流很快，索尼大法的东东已经第二台了。,正面
不错很满意 晒单： 收起 向左转 向右转,正面
安装了，不错！,正面
屏幕很大，价格实惠，性价比很高，用了一段时间感觉不错，有需要会再买,正面
电视还行，物有所值，最重要的是京东的售后好，师傅电话联系送过来，安装好调试好，态度特别好,正面
不错啊,正面
音质可以，机器很轻，物有所值,正面
小米的非常不错买了好几台了,正面
挺好的 很清晰,正面
风行电视从外观看还是不错的，电视下单，第二天就到了，安装师傅很细心，介绍电视使用流程。电视画质还算不错，音效也还算清楚，总体还算满意。,正面
效果很好哦，家里的第二台风行电视质量很好哦,正面
不错的国货，一直坚持用国产的,正面
周六安装～～到时候再上图～～看起来蛮不错,正面
东西可以 效果很好,正面
高清，超薄，价格也优惠，真的很不错，小米的产品，送货也很快。,正面
安装师傅态度不错，不知道电视效果怎么样。,正面
给老家父母买的，性价比高，送货快！送货员当时就帮装了，赞一个，后来又来了调试员，还帮弄了免费会员！赞！希望之后能用的住！,正面
物流太给力了。昨天晚上下单一早上打电话就给送到了。支持京东,正面
电视不错,正面
好，物流快，服务好！物有所值！,正面
画面清晰，音响效果不错，安装要加三百块。。。,正面
好的很 效果一级棒 很大气,正面
电视画质糟糕，色彩很差，画面泛白锐度差，人像有油画感，对比度差，画面暗部细节糟糕。不要说是因为电视源或者调试问题，这方面我很专业。小米还是好好做手机吧，电视真心差。另外，服务很好。,正面
帮亲人买应该不错,正面
小米电视超棒的，客厅已经用小米60，好用继续用小米,正面
不错 不错 非常棒的电视 非常漂亮,正面
第一次买大索尼的电视… 希望如各位买家一样好. 颜色确实不错. 就是电视信号太差了,正面
上个电视坏了，这次搞活动，性价比很好的电视,正面
真的很不错！收到货自己十分钟就安装好了！这么多年都在看老款的古董电视！还是第一次卖液晶电视呢！联网还可以看电影大片！真值！,正面
早上7点下单，7点就打电话安排送货了，晚上下班就可以看新电视了，京东物流杠杠滴～电视效果不错，全家都很喜欢。,正面
画面还可以，看着不错,正面
商品质量很好，价格很美丽，店家服务很棒！,正面
一直看好京东，物流很快,正面
东西不错，忙我姐家买的，感觉还不错！！！！！！！！！！！！！！！！！！！！！！！！！,正面
双十一优惠价，赞。电视大小刚合适，画面清晰度高。美中不足，底端比较厚。,正面
客观的说，性价比不错，其他品牌至少需要两千多，看了一段时间，没发现什么问题，作为一个小米爱好者凌晨下单补差价过程比较曲折，但是最后客服解决了就好！感谢那些帮助我想办法的米粉！,正面
真不错的，双十一买的很便宜。,正面
使用了一段时间才来评价，双十一买的，商家用木条打包，很结实，非常负责任，价格便宜实惠，电视很清晰，样式很漂亮，暂时没有发现缺点。,正面
漂亮质量好功能强大，便宜实惠,正面
东西不错，购买还是喜欢到京东平台。,正面
宝贝收到了，音节很好，高清，爸爸妈妈很喜欢，卖家服务态度也很好，喜欢……物流也很快……,正面
外观是比较薄的，看起来不错，材质对这个价位还是比较划算，总之值得拥有。对京东物流点个赞，送货上门，态度诚恳。,正面
色彩很好，外观漂亮,正面
性价比高，外观设计漂亮，还没装…,正面
真的物美价廉！这么大个的电视4000不到！感觉像捡到宝一样偷着乐！呵呵！画面清晰，转换流畅！感觉对网络要求也不高！挺不错的！上门安装也是良心价格！就是会员还没到位，一样三年会员也让我满意！好评！,正面
物流及服务都特别棒，更棒的是售后服务，给你们点赞,正面
电视画质很清晰，声音很清楚，功能很多，遥控器很简单，连上无线网就可以用不需要买任何东西。超级好用。屏幕长时间开着也不会热，，价格也很实惠。安装师傅很快速。真心选对了。 晒单： 收起 向左转 向右转,正面
音响效果不错，而且颜值也挺高的，是送给姐姐新家的，尺寸大小也非常适合她家的背景墙，姐姐还是挺满意的。,正面
此用户未及时评价，系统默认好评。 2017-12-17 22:38:20 追加： 用了几个月，非常好。联网就能应用app。这个性价比高，就是买完一个多月月降了200块。,正面
京东信得过的网站,正面
索尼品牌挺好的，虽然还未通网络，但我相信物有所值,正面
不错啊！画面清楚,正面
"双十二购买的创维（ Skyworth）65H765英寸25核 HDR超薄全面屏人工智能4K超高清电视，14号京东的送货师傅约好时间就送过来了，拆箱验货，外观没有什么问题，简单时尚，边框设计比较窄，电视也比较薄，黑色边框跟电视一体，颜值很不错了。 cpu是a73，内存ddr4，非常有竞争力的配置了，用几年基本不会有什么问题。色彩不错，显示效果也很好了， 用U盘播放20多G的阿凡达的高清片源,清晰度非常好，色彩非常鲜艳，看起来好有立体感，效果还是比较震撼的。酷开的系统整体还不错，应速度很快，资源挺多的，当然在易用性上还有提升的空间。音响的效果也还不错了，要求高的可以自己配别的音响。发现65的电视放客厅还是不够大，75/80的比较理想，但是价格贵太多了。总之是性价比很不错的一款65寸4k电视了，非常推荐大家考虑了。",正面
安装师傅服务态度挺好的下次还在京东买,正面
底座螺丝比较难拧，搞了好久。快递很早就打电话过来确认，但是在家整整等了一天到晚上七点多才送来。送之前又打了三个电话过来问在不在家。电视蛮好的，性价比高，放在卧室大小也正好。（对于普通家庭来说）,正面
电视很好，边框相对来说挺满意的，这个价位的产品做到这样也是很良心了，直接插的网站，播放流畅，显示清晰，就差厂家的会员了,正面
正品，非常不错 晒单： 收起 向左转 向右转,正面
看这给图一样，物流快很给力，用过之后再来评价,正面
做工很好，很满意，好评，下次继续光顾,正面
好评！,正面
价格合适，系统好用，资源挺多,正面
电视收到了，很满意，尤其是送货员令我非常的满意，送货到我这里已经是晚上八点多钟了，又下着小雨，天气又冷，送货员还是坚持把电视送到我家里，还耐心的帮着调试电视，的服务五星好评！！！,正面
物品很好，快递很速度，态度很好,正面
不错物有所值，就是买小了尺寸，自己装容易上手。,正面
不错，物流也很快！,正面
东西不错，值得拥有，物流快如闪电！,正面
上午10点下得单，下午就送到了。京东物流超赞，家里好多电气都是京东的商品。买之前还在犹豫要不要65寸的，电视送来后还是觉得大点好。再说一下电视，电视清晰度非常高。启动也非常快，物有所值，页面内容丰富节目种类也多。非常满意的购物。好评,正面
非常不错，双十一买的等了1个月，没白等！赞！好！喜欢的可以下单，客服上门安装的服务态度好,正面
很漂亮哦！图像清晰,正面
电视非常棒 经济又实惠 支持国产,正面
第一次网购电视，东西不错物流也很快。看网络电视画面很清晰，物廉价美。下次还会选择TCL,正面
确实不错，性价比十足，家里的两位老人都很喜欢，这次他们可以拥有自己的电视来看京剧了. 非常不错！,正面
早知道早点买，便宜实惠好用，双12优惠,正面
非常好 感谢安装师傅 下次还买,正面
帮朋友买的，好好好好好好好好,正面
这是第二次买了，双十一买了一台，双十二买了一台，很不错,正面
不错，安装的也很不错，棒棒的,正面
夏普电视是信得过产品，质量保证还是进口屏，比较好用，耐用，可以。,正面
商品质量很好！物流也很快!非常满意!,正面
电视很大 不错 安装师傅也很快来安装了装好整体效果好，没有装宽带 检查了屏幕没有坏点之类的 性价比高不知道会员什么时候给 晒单： 收起 向左转 向右转 2017-12-22 11:12:10 追加： 买了就降价300， 坑b。。,正面
家人很喜欢，样子也很漂亮大方 晒单： 收起 向左转 向右转,正面
特别不容易的抢到，超级棒。超大屏幕。爸爸妈妈非常满意。,正面
公司用，性价比超高的一款电视，48寸特别显大，外观设计超大气，颜值爆棚，送货非常迅速，特别表扬海尔客服，真不愧是老字号，电话都过去人家一口一句抱歉给您带来麻烦了，说的我都不好意思了明明是我在麻烦客服人员嘛、真的感受到了非常及时高效的服务，总之真的很满意，已经预约了特价活动再来两台。,正面
员工用，很不错，价格便宜又好用,正面
画质清晰！超薄！功能强大，关键还送金卡会员，好评(o^^o),正面
双十一买的，比平时省的更多，画面很清楚，放在客厅刚刚好,正面
*块的电视真的不能要求很多，塑料感强，系统不错，性价比高,正面
买回来店里面用的，送货速度很快，第二天就收到了，挂在墙上效果也不错，外观看起来很高档。内容方面很多新的电影都能看到，很赞，商家放店里够用了，推荐购买。,正面
很给力，东西不错，送货快。服务好,正面
非常好，就是双十一送货有点久。,正面
非常好。京东的物流就不用说了。一个字快。电视也超好。比想象中还好。价比超高。智能电视应有的功能都有。还要4K的。真的超清。电视一放连上wifi就可以看。爽。以后在房间就可以了。客厅都不用出了。赞赞赞。,正面
电视很好，很清晰，就是收费的资源太多,正面
京东是很强大的，风行65寸，价廉物美！特别提出售后服务真的很棒，期间出现了点小问题，京东拿着新机器直接上门给我换了台！赞！,正面
好用实惠，快递哥很给力，辛苦了！我一直用这个牌子！,正面
性价比很高，内容在丰富点就好了！,正面
电视很好，比我想象的要大，第一次在网上购买，很满意,正面
电视挂在墙上也不是很大，看着舒服，安装师傅很专业,正面
还不错，产品没得说,正面
电视很大很清晰。安装客服很nice，安装师傅很专业。,正面
小米还算不错，价格便宜，东西好,正面
安装好啦，试了下屏幕效果，挺不错的，很满意,正面
非常满意的购物体验，赶在双十二买的，虽然不一定是近期最低价，但是电视很好，线上线下都有的型号，送货师傅很专业也很负责，赞一个！最后要说，索尼大法好,正面
从包装上来讲就好过所有电视，双层纸箱包装保护了屏幕和机身，注重产品细节。朋友的乐视电视和我的风行电视比，风行快进后退毫无卡顿，内容也没有风行好，乐视很多东西都没有,正面
收到未用，应该不错，相信京东。,正面
活动时间购买的，价格非常的便宜，性价比很高，这款电视关注有一段时间了，无边框设计，全屏体验非常漂亮，安装过程中出现了点小问题，已经解决，安装师傅态度非常好，比较了很多款就这款性价比感觉最好，朋友过来看了我的电视，羡慕嫉妒恨了哈哈。,正面
超薄，屏幕清晰，内置播放器，非常好,正面
小米电视，新国货，给力，屏大，性价比高，双十一抢的，货源紧缺，一九九九应该很实惠了,正面
物流超给力,正面
对于这个价格的电视，真的超级划算。就是发货慢了点，缺货状态，等了好久到了。不过电视很棒,正面
给家人买的，家人说不错！,正面
高清的，效果不错，满意,正面
电视还是可以的，价格也很实惠，性价比很高，物流的师傅很热情 帮忙拿到楼上并且安装好，风行比较是做播放器软件出生的 资源也很不错 好评,正面
很不错，先用段时间，再来发图,正面
第二台乐视电视了，第一台用了4年，一点毛病都没有，希望这台电视依旧很棒！,正面
很好 价格又不贵 给赞,正面
物美价廉，做工考就，外现时尚，多年的老品牌值得信赖,正面
还可以用着不错,正面
自营购物体验非常好，送货快！,正面
双十一买的，快递有一点慢，可能是双十一购买的人多，已经用了一段时间了，看着很清晰，质量杠杠的,正面
刚装好，开始用，很多节目都要买会员。小米官方旗舰店说送儿童会员月卡，不知道有没有？,正面
东西很好用，成功挂上电视机，不错的选择。,正面
电视清晰度不错，音效很棒，完美屏，赞一个,正面
电视非常大非常清晰，看着超爽，操作也简单，内容丰富，少儿节目是孩子的最爱，NBA是我的最爱。最后真心希望风行这样的企业越办越好。,正面
送货1快，安装快，质量好。全好评,正面
东西不错，会继续购买～相信京东～,正面
非常感谢京东商城给予的优质的服务，从仓储管理、物流配送等各方面都是做的非常好的。送货及时，配送员也非常的热情，有时候不方便收件的时候，也安排时间另行配送。同时京东商城在售后管理上也非常好的，以解客户忧患，排除万难。给予我们非常好的购物体验。,正面
非常不错,正面
飞利浦大品牌而且价革特别亲民声音特别好,正面
电视收到了，个人感觉还是不错的，画质很清晰，功能齐全，跟同价位的其他品牌智能电视相比，综合分还是高出不少，内容方面创维本身就做视频的，多年累积下的资源库真的是强大，特别在体育方面，如果你喜欢看足球那真的是必备神器了，他们有很多独播版权。外观颜值也颇高，屏幕高清运转速度快不卡顿。。。优势太多。京东上可以买到他们家的电视，经常还会搞活动。,正面
索尼的就是低端系列也秒杀其它品牌高端，真行啊，就是优惠幅度小，全年无优惠，不行就下市也不降价，总之很牛叉,正面
电视到了，送货很及时。今天家里把网络装好了，也进行了调试，电视的画面自己音效都还可以，而且价格实惠，值得推荐,正面
房子还没装修好，提前试用了一下，屏幕和声音效果都不错哦，色彩艳丽，价格亲民，就是智能控制还没有弄懂，等正式使用之后再来追评五分必须的。,正面
宝贝收到了，物流超快，安装很好，超值。,正面
小米智能电视太棒了！支持,正面
给老爸买的，爸爸说很不错，定了直接奥那个老家了,正面
发货快，两天就到了，货真价值，超薄很喜欢很喜欢,正面
物流很快，就是安装费有点贵，要是免费安装就更好了，总的来说还不错,正面
通电正常，配送服务好！ 晒单： 收起 向左转 向右转,正面
一直观注风行电视，真的是性价比超高的电视呢，不仅外观精致，而且屏幕清晰运行流畅，电影片源也比较新，覆盖了所有热门的电视剧和电影，小宝喜欢的动画片也很全，还有美食和养生的节目，真的非常棒，风行真的值得推荐，实物比图片还要漂亮，送货速度也很快，上门安装我很满意，售后服务一流，非常棒的卖家谢谢,正面
电视很大，质量不错！,正面
外观大气安装专业，挺好,正面
好，不错的,正面
放卧室，效果不错，老人们喜欢！ 晒单： 收起 向左转 向右转,正面
大品牌 价格便宜 质量很好,正面
东西好，速度快，全部五分哦~~~~~~非常满意~~~~~~~~~~~~~~~~~~~~~~~~~~~~~~~~~~~~~~~~~~~~~~~~~~,正面
挺好的，父母很喜欢,正面
满意。非常好，价格低廉,正面
电视很好，高端大气上档次，性价比很高，还支持声控。,正面
电视不错,正面
电视很不错，色彩也挺好的,正面
宝贝早就收到啦，包装完整，无损，也没有打开箱子看，房子还在装修中，好评先，安装后上图追评……,正面
给家里买的，物流速度很快，用用再看,正面
东西收到了！送货速度非常快，服务也非常好的，电视清晰度也很好，价格太便宜了，一直支持的了相信会越做越好的，越做越大超过**， 晒单： 收起 向左转 向右转,正面
宝贝收到很好，再来物流也快。,正面
真是太差了 官网卖的比这都便宜啊 建议以后去官网买吧,正面
机器非常好，看了近一个月了，画面清晰，运行流畅！值得推荐！ 晒单： 收起 向左转 向右转,正面
很满意，不错，物超所值,正面
双十一yiqianba买的，刚刚装上，安装师傅。。挺好的。加上挂墙支架，一共收了140，还帮忙开通了奇异果会员，,正面
不错，放我们家电视柜上刚刚好，买回来宝贝很喜欢用它看动画，特别清晰。物流给力，第二天就到了。来安装的人态度很好，安装好后还给联上网，省了自己摸索着找了。好评！,正面
一直打算买一台卧室电视，纠结了好几个互联网品牌，最后选择了风行电视，送到家试看了一天，觉得真是没有选错。4K超高清的效果很好，UI简洁明了，选择任意板块不需要多次点击才能到达，老年人和小孩子都很容易掌握，会员内容也很丰富，用U盘安装第三方APP也很方便。希望风行电视越做越好。,正面
据说不错不错，就是不知道送不送会员,正面
可以可以可以,正面
很满意,正面
使用没有啥毛病，还不错吧总体来说，没有惊艳也还中规中矩，就像某某,正面
视频很流畅，画质清晰，没想到这么好，质优价廉，赚了,正面
京东货好实惠，物流快，服务好，售后有保障。认准京东上市公司！,正面
小米质量杠杠的，很满意。 晒单： 收起 向左转 向右转,正面
电视机性价比高 ，播放效果很好。,正面
很不错。。。。。。画面很清楚。。。,正面
质量好服务好 等等,正面
一直用风行电视，现在换个65寸电视价格还便宜，这个界面还是很方便的。风行的影视资源挺丰富，尤其是小孩子的少儿节目很多，小朋友特别喜欢。电视剧资源也挺多，家里无线网快，用来刷剧也是极好的！非常喜欢！还非常薄！ 晒单： 收起 向左转 向右转,正面
真的是非常不错，65寸在家看出了电影院的效果，互联网功能非常强大，色彩很正，点赞，诚信推荐,正面
电视机不错,正面
换了个还不错。,正面
速度太快了..昨天晚上下单下午就送过来了..快递小哥太给力了..正品,正面
京东购物快递一直很快，这次也一样，电视上门安装师傅也挺好，目前还没用，用后追评,正面
挺好的，功能齐全，画面清晰，超值推荐,正面
发货速度很快 快递员态度也很好 提前打电话通知 收到货比想象中的要大 呵呵 整个电脑桌都霸满了 运行速度还行 节目好丰富 要慢慢研究研究才行 还算满意的一次购物 晒单： 收起 向左转 向右转,正面
电视收到好几才来确定收货，电视很不错很清晰，,正面
送货准时，安装很迅速,正面
不错！,正面
电视便宜又好，还是品牌，双十一买的超值！,正面
东西不错，非常好用，个人感觉挺超值的，值得信赖！,正面
很好，服务很好，,正面
不错，看着很爽，没评论中说的那么差，买了以后降价了，京东价保很给力。,正面
不错、很大放客厅刚刚好！,正面
挺不错的，挺好的，音质也不错，不错的一次购物！,正面
电视画面清晰，节目丰富，不错哦,正面
好评，物流很快显示18号收到货，17号早上送到，安装人员安装，师傅特别热心热情，拿回来之后感觉惊呆了！电视屏幕超大，65寸的非常惊艳，打开电视机感觉屏幕十分清晰，而且最主要的是电视非常便宜，价格实惠，这个价格能买到65寸的电视非常惊喜，期待风行电视越做越好！！,正面
送货上门给安装好，服务很好，大小也很满意，相信大品牌，棒棒的！,正面
送货速度超快，头一天下单，第二天中午就收到货了，安装师傅下午就给安装好了。画面清晰，音质很好，超窄边框，非常漂亮，极力推荐购买，京东物流?，风行电视非常满意，支持国货,正面
非常非常不错的一次购物体验，刚刚收到，就迫不及待自己动手把底座安装上了，赶紧打开电视看看，真的不错啊！不愧是超高清的！画面非常清晰，色彩真实，尤其音效立体声啊！把灯都关了，窗帘拉上，影院的赶脚啊！?一会儿发个视频大家看看像不像？收到电视按照说明操作，参加赠送90天金卡会员，现在正在看会员里的（铁道游击队）真好啊！很多大片这里都有！怎么说呢？觉对物超所值！建议大家还是买超高清的！,正面
这个尺寸放在房间里刚刚好，很满意,正面
速度快,正面
东西不错！很喜欢！,正面
商品给力，给京东自营点赞,正面
大而便宜，性价比超好，赞?,正面
很满意的一次购物体验，京山县服务店店家耐心负责确保了东西安全到家。以后家里用的还会上京东购买。,正面
效果不错很好刚买回来就安装好了物流也很快,正面
今天收到的物品，东西外观很惊艳，电视比我想象的大！清晰度很好！没感觉有色差之类的，现在家里面的网络还没弄好！看卫视节目还不能看，这款电视比我现在家的电视好很多！对了，送货很快。表扬下。支持国货支持风行????,正面
开机一周后的评价，电视机质量很好，画质好，很清晰，色彩逼真。快递很给力，很快就送到家里，当场开包装，检验无损后方离开，帮的师傅安装的，很专业，很耐心，是一次满意的购物。 晒单： 收起 向左转 向右转,正面
质量不错，服务太度满意。,正面
都说暴风电视不错，特地用了一段时间才过来评价！电视的清晰度非常的高,正面
1:买的32寸的，999元。电视价格不贵。质量和发货速度一流。这是优点，属于的。2:安装费用，是小米的坑！买的朋友注意，自带的底座安装，自己最多3分钟能安装好，可是你让小米售后安装的话，最低70元！这是坑人的，切记！如果挂装，大概130！！！和其他品牌相比，电视不贵，但是利润在安装费用里了。在此提醒大家，希望大家不要被骗！,正面
正品就是好，一直都是用TCL，价格实惠功能全质量好,正面
1，4K电视，这个价格性价比太高了。 2，49寸放客厅就好大啊，看电影爽啊！ 3，操作不卡顿，不错 4，片源丰富，就电影区免费片源中都有太多太多好的豆瓣高分电影，这下看个够吧。 5，总之非常满意，性价比之王，诚心推荐！,正面
非常满意,正面
很好，物美价廉，小米的东西就是好！好评！！！,正面
物流很快，电视也很清晰，重量也不是很重，很适合挂在墙上。 晒单： 收起 向左转 向右转,正面
给老家的亲人购买的。 配送速度快，安装人员和快递员都很好。远方的亲人很高兴！,正面
画面清晰，电视整体大方好看，非常喜欢，电视功能齐全，视觉效果不错，色彩靓丽。自带的风行片源量非常大，都是非常喜欢看的电影及电视连续剧，不用机顶盒都可以随便看了，还省了机顶盒的钱。爸爸妈妈都很喜欢，连续剧可以随便看了。,正面
比预想中的好很多，以前就是暴风影音的用户，信赖这个牌子，所以才买，双十一买的，非常优惠，赶上了！良心评价，犹豫的亲，赶紧吧，价格不等人！,正面
不错，挺好的，真不错很喜欢,正面
特快送货，上午下单，下午到货。,正面
头天下单，第二天就送货到家了，我住在一个小县城，这个速度可以说非常快了。本来第二天就能接着安装了，可惜家里停电一天，推迟到第三天安装的，师傅服务很好，座装免费，也给调试好了。外观靓丽时尚，大屏看着就过瘾，电视后面为了线路整齐，还特意有一个挡板，人性化设计！现在电视连接着机顶盒，也连着wifi，电视本身提供了丰富资源，我得慢慢研究。以如此低廉的价格，能买到如此时尚、功能丰富的大屏电视，相当满意！,正面
价格合理，安装热心，十万分的好评,正面
这个屏幕十分的清新，外观十分的美，好好好好好，好的东西，说三遍。,正面
特意用了两天过来评价 首先价位不用我说 花不到4千块能买到这么大的电视 真的是很便宜 其次电视是朋友推荐过来买的 说是很好用 自己真实体验了两天 真的是很不错 总之是物美价廉 想要买的不要犹豫了 又省钱又好用,正面
给好评，物流快，安装师傅态度好，老爸非常开心！,正面
不错`价格便宜:目前来说质量可以,正面
画面清晰,正面
非常不错,正面
款式不错。图像清晰，价格便宜质量好，我满意！,正面
卖家发货速度很快，很快就到货了。包装好，价格也实惠，质量很好。,正面
双十一买的，因为库存问题今天才收到，好在也不着急用，电视不错，很薄够大，送来的时候箱子是打开的，送货师傅说在仓库是要验货的，怕碎屏，电视第一次开机比较慢，整体还可以,正面
送货及时，小米电视自己安装了底座，现在等说会送的三年会员码还没有收到，希望也能快点。,正面
给老爸老妈买的，安装方式为壁挂式，收看效果很好。,正面
送货速度非常快，非常满意一到货，我和老公一起挂到墙上了，电视的色彩与画面清晰度很满意。内容也比较丰富，电影电视剧有好多都是同步的，哈哈老公说你每天有看不完的电视了，总之这次购物很满意！,正面
京东送货就是快 头天买第二天就到 服务也很周到 重要的是比实体店便宜,正面
发货很快，质量也不错，值得购买！,正面
特价时买的。性价比不错。,正面
电视确实不错，配置没得说，3g内存标配，懂行的买乐视，小白买小米，就是这边框缝隙太大，金属框突出来了，已经联系了售后，不知道结果！,正面
真的很好～很不错～用的安心,正面
太赞了！盛传商城神速，服务好，我本有点怀疑，但是亲经历了，让我知道，真的就是这么好。第一天下单，第二天就告诉我能安装了，这速度，不能再好了，只是我房子没装修好，暂缓2天来安装。客服好讲，服务周到，电视大气，画质超好，比实体店的4k电视要好多了，风行牌子真是不错，给个大赞！安装人员也是非常敬业，非常的棒，一次很好的购物体验！还没装宽带，装好了再来续评！,正面
画质很好,正面
发货速度快，把奶奶接来了，闷得慌，我很着急啊，买了这台电视，很快就收到了！电视质量不错，每天从早上打开，到晚上睡觉，不卡顿，不死机，虽然暂时借的网，但依然很流畅。这个系统和界面都很简约，不花哨，奶奶学习两天，已可独自操作了。另外，宝宝才四个月大，不过一放起卡通片也是看得咿咿呀呀的，呵呵，我抽空看了两部电影，战狼，摔跤吧爸爸，效果不错。很满意，价格公道，质量可靠。,正面
给家里买的，很满意,正面
可以可以可以！,正面
好好好 送货员服务好 物流很快,正面
超级好,正面
画质清晰,正面
等了一个月中午收到电视，同样的片源清晰度不去32存电视，但改到1080后效果确实不错。,正面
外观漂亮，画面清晰，家人很喜欢,正面
性价比很高的一款电视，够大够清晰,正面
关注了很久了，双11购买的，使用了一个月才来评价，价格实惠，图像清晰，色彩鲜艳，电影资源新的挺多，支持国货，最超值的电视机了,正面
很满意，还没装呢，物流很快 晒单： 收起 向左转 向右转,正面
电视已经收到了 画质非常的清晰，超高清商家送了挂架高清线非常的不错 很实用，两年的质保，非常有保证，飞利浦大品牌值得信赖，服务好，送货上门，上门安装很贴心。好服务好产品，值得推荐！,正面
东西不错，实惠好用，好评。,正面
挺好的,正面
第二次买，送人的比4A好一点，旁边不会漏光,正面
非常好，非常喜欢，有没有会员，送我们一个,正面
给老家妈妈买的，听说不错！,正面
电视挺清楚的，体重很轻，放在卧室很搭配，双十一买的，划算。小米电视操作系统流畅，父母操作起来也轻轻松松。就是发货龟速！,正面
我买的价格应该是最划算的了，因为好远，后面又降了，但是都，补偿给我了，收到之后非常的大，也很好用，过年回去就可以看到了。,正面
货收到，物流还是很给力的，现在试用还可以，继续关注,正面
价格实惠，价格实惠，很好。,正面
很不错，画质很好，而且音质也不错，非常满意！ 晒单： 收起 向左转 向右转,正面
电视收到灰常激动，比商场便宜多了，双11机会果断入手。,正面
买这个是因为京东配送和价格便宜，在家里不是很常看电视，这次购买还是价格作主要参考因素,正面
不错不错，双十一太划算！,正面
非常不错的电视，还没,正面
39寸，对于小房子来说也还可以。安装+挂架80，安装师傅很好，上午送的电视，下午厂家就来安装了。,正面
电视不错，效果挺好的值得购买,正面
电视非常不错，画面清晰，曲面效果好，反应速度快，关键性价比还高，值得推荐。使用了一段时间后，发觉没什么问题，配了底座更加安全。质量过硬，非常满意,正面
电视不错，性价比高,正面
好快哦，第一天晚上下的单，第二天一大早就到了。还没装，装好了再来评价,正面
电视不错，性能很好，效果棒棒的,正面
包装很牢固，电视外观很漂亮，宽屏，色泽鲜明，可能是客厅距离小，近距观看屏幕上好像有一层白雾！,正面
电视不错，质量没得说，颜色正，赞,正面
还不错 挺清晰 送货也快 不过安装是收费的。我们家是挂墙上的 买了挂墙的架子，结果安装费还要了90。总的来说 不错 挺好的,正面
电视高大上，有海量游戏、电影，电视剧，综艺节目，运行速度超快，外观华丽，金色包边，操作简单明了，可以用手机操作，也可以播放手机视频。,正面
可以，产品用起来还不错，下次再来,正面
给家里老人买的，家里人都很喜欢，屏幕显示颜色也很好！希望能耐用吧！,正面
收到啦回来邻居售后安装滴效果很棒清晰度也很好送货也快神速啊,正面
网购我只选择，因为物流快，价格低，并且质量有保证，信赖！,正面
送货快，服务好，满意。,正面
物流一流！信赖京东！,正面
电视收到，送货快，安装快，服务很好!,正面
挺好的,正面
一直信赖京东！不管是商品！还是服务！还是物流！都很不错！,正面
给好评吧，电视就无线上不到网。。。要插线才能上,正面
电视机色彩鲜艳，物流特快，第二就到了。,正面
电视价格合理.质量和色彩值得推荐,正面
送货相当给力,正面
夏普一直相信的品牌，电视很不错，外观也美观，大小也很合适，很直接采购！,正面
现场效果很好,正面
双11，2549入手，两千多的电视做到这份上，真的蛮不错了啊。,正面
我感觉还不错。,正面
价格实惠，电视很好，快递服务周到。,正面
很好很好，很实惠,正面
昨天到货，我不在家，特意请表弟试了数字电视，又试了网络，他说反应挺快的，内容丰富，性价比高，双12入手，真的很实惠！ 希望快点放假，守着电视，把好剧连连看！,正面
电视还是挺清晰的，也挺薄，认为性价比非常不错的一款电视。现在小孩整天都在看动画片。就是还是希望不用金卡会员的电影能多点。,正面
家里老电视坏了，索性直接换了，风行(FunTV) N39S 这个感觉性价比挺高，上午下单下午就到了，安装好联网一切正常，用一段时间看看，影视资源很多，电影动画片电视剧更新挺快的，满意的一次购物。,正面
收到了挺不错的,正面
送货速度超快,正面
电视蛮好的！没想到很快就收到了!赞一个! 晒单： 收起 向左转 向右转,正面
先前618买的，一段时间使用后觉得很满意，性价比不错。做为贺礼再次购买送人。,正面
嗯，电视性能不错，非常大气。挺好的。,正面
双十一时买的，送货快，安装快，在双十一这样的时段能达到这样的速度真是不容易。,正面
挺好的，用着不错，全家人都觉得还行。,正面
买了一个39寸的，综合考虑了一下，这个型号最适合卧室使用，最好的是还送三年会员，可以免广告看三年视频，比其他厂家划算多了。今天刚拿到就自己装好开机开始看，清晰度不错，视频资源和内容也多，适合小朋友的界面最贴心了，爱看讲故事。用的是联通50M宽带，画面流畅不卡顿，颜色正！ 晒单： 收起 向左转 向右转 2017-12-28 20:58:03 追加： 型号是：风行(FunTV) N39S 39英寸（黑色）,正面
非常好，以为大了，看了一下还可以，看电影好,正面
第一次在京东买电器，服务比实体好太多，安装的师傅服务很好，全满分，下次再来,正面
挺好的,正面
还可以哦 便宜,正面
双十一买的，看了半个多月了才来评价，很不错，画质挺清晰的,正面
不错第二台了,正面
现在没有任何问题，都挺好的，性价比高！,正面
色彩鲜艳,正面
物流发货速度给力，连上门安装都给力，上午去电话 中午就来安装了 绝对好评,正面
好大好薄，第一次买这么贵的东西，物流快，快递小哥很负责，给我拆开，通电验货，小米品牌也很不错,正面
价格实惠，价格实惠，很好。,正面
不错，家人都很满意，好评,正面
目前来说挺满意的，还需要后续使用再汇报，就是风行热线壁挂安装太贵了，安装费加10元的垃圾挂架150元，大理石算特殊墙体加价100，换个网上二十多元好点的挂架，师傅报价要再加60元，最后一个小小的壁挂就花了300元，而且师傅就一个人，还是需要帮忙亲自挂。真是暴利。,正面
质量很好，送货很快。,正面
价格便宜，,正面
很不错的一款电视,正面
这个电视我看中的是视频内容丰富，性价比很高，而且还送三年会员，简直是太划算了，电视到家后就迫不及待的自己安装了，很简单哦！画面清晰度也是绝对的给力，而且没想到还有我妈最爱跳的糖豆广场舞，哈哈，风行果然没让我失望，最后想说的是买大家电真的真的很好，特别是售后！,正面
画面非常清晰，音质感也很好，外观看着挺大器的，总之收到宝贝很开心称得上是物美价廉,正面
物流超快的，开箱试过之后才签收，快递很负责任，棒棒的,正面
电视很不错，帮朋友代购的，我朋友非常满意，店家服务挺好，送货及时,正面
光线原因哈！电视可以cpu和gpu配置都很高，相信乐视！色彩很棒，反应很快，非常的流畅！！！,正面
很好，送货快服务好，一直信奈 晒单： 收起 向左转 向右转,正面
1212凌晨抢的，今天早上就到了，超级无敌快，一直都是用夏普，现在便宜了好多，太实惠了,正面
电视看起来很高档大气，不错,正面
挺大的，还不错，一般家庭够用了，遥控器还行，整体80分,正面
配送师傅服务很好。,正面
物流很给力，收到货后自己安装省回安装费。很好，下次也会再买。 晒单： 收起 向左转 向右转 2017-12-27 22:21:41 追加： 家电物流配送超给力，刚安装完试下机电视反应速度很给力，片源丰富，屏幕分辨率高清晰，声音不错很值得我们购买，我买的是49寸的机子大小刚好，价格也是超棒的性价比，我这次购机是最满意的一次，支持风行，祝风行电视越做越好。 收起 向左转 向右转,正面
可以，不错，一直都选的这个牌子,正面
电视机大气，效果不错用的好了以后再来评价,正面
二级能效 智慧省电 科技感机身 4K超高清WIFI智能液晶电视很好,正面
外观高大上，装在新家的，还没有网络，安装师傅用优盘试了效果，特别震撼，特别是音响效果，小米果然没有让我失望，比心。,正面
家人很满意，我也很满意，大品牌质量杠杠的！,正面
东西收到了，挺好的，安装小哥也很给力。不错,正面
电视自己开箱试了，双十一优惠买的很划算，就是安装我是县城，然后安装师傅是市级一家分店的，电话说我们超过30公里来安装是要加钱的，本来也没打算上墙就自己开了装了，不懂我们县也有苏宁却要分发给市里，除了这些整体都很满意，屏很完美,正面
送货快，服务好。下次还会选择京东购物,正面
49寸电视收到货了，京东送货速度很快，电视?画面很清晰，电视非常薄超窄边框，系统反应很快，就是家里网络不太好，，下次还要买个65寸的,正面
电视很好，值得信赖,正面
服务好，送货快，给服务点个赞。,正面
画质很清晰，挺实惠的~~,正面
双12买的，目前看着还不错，可惜现在乐视的资源很少了！总体满意。后面质量怎么样还要用用看，后面考虑买个延保好点。,正面
雙12下的單，今天上午就送到了。電視已安裝好，清晰度還不錯。長虹電視，值得信賴！,正面
32寸，稍微有点小，小米的资源非常多，不错,正面
物有所值,正面
分辨度很高达到4k，同时不需要机顶盒。电视机内自带机顶盒。价廉物美性价比很高，赞！,正面
影响颜色很棒,正面
预约师傅安装没来，自己装的，电视还不错,正面
送货快,正面
好而不贵，真的实惠，上午下单，下午送到，速度还真快。,正面
看上去还不错，先用几天在追评。,正面
宝贝送到了，物流很快，给力！,正面
不错，非常好，看着就觉得很棒，超级好,正面
画面很清晰，很大，败家老公用来玩游戏的,正面
应该说京东还是值得信赖的，电视跟心想象的效果差不多，送货也比较及时，特别要给安装师傅赞一个，一看就是老_司机_了，比较专业，同时还介绍产品的特色和平时在使用中注意需要的事项，完工后及时把包装箱和**清理好，很热情！给后面购买创维的朋友一个建议，安装服务一定要找京东平台预约！,正面
不错大小合适，系统流畅，外观简洁大方,正面
产品超给力，静待使用,正面
挺好的电视机，很满意！很好,正面
装上了，挺好的,正面
太好了,正面
风行电视很漂亮也很超值，这个价位还送会员买到就是赚到，物超所值！快来抢购啊，清晰度没问题大家不要质疑，正在用没发现问题，售后和客服加上买的不担心。妥妥用不怕用坏。会推荐别人来买的。我已经是风迷了。 晒单： 收起 向左转 向右转,正面
买回来就用了，挂在墙上的挺好的,正面
"送货速度快,挺好的,画面清晰,操作简单,内容丰富,播放速度也快,不会卡机!价格比较实惠,买得挺值的!",正面
电视不错哦，价格也非常便宜,正面
物流小哥的态度很好不过很不满意的是双11拍的，11月30号才发货，12月1号才收到，这种发货速度真的不敢恭维啊,正面
电视运行很流畅，现货不错,正面
电视机播放效果很好，很满意,正面
特地用了几天来评价的，电视实在太赞啦，本来看到处都是vip很麻烦，后来发现手机投屏太方便了，直接连上wifi就可以看了，我不会用语音控制，我都是总手机的，双十二1999就搞定了，还是50寸，真心赚到了,正面
就是有点不大清晰，挺大的，性价比挺高,正面
包装很好，物流速度好快，售后的服务态度也很好！,正面
三星电视没的说,正面
一分钱一分货，安装师傅很好,正面
电视很不错，挺好，质量也不错,正面
收到货了，好，挺清晰的，不错的一次购物。,正面
很好非常好,正面
看了两天，画质不错，感觉很好，还能看到很多的4K节目。,正面
在一次购买长虹，是对国产的信任，对京东的服务很满意,正面
购物上京东放心，送货快服务好,正面
特价购买，质量好，值的买！！！！！,正面
东西很好，送装到户，性价比非常高，品牌的东西质量就是好，服务态度也不错,正面
商品收到了，屏幕大超薄，家人都挺喜欢的,正面
宝贝不错，超过我的想象，物流给力，服务好热情。,正面
很不错，双十一购买，夏普始终性价比第一,正面
服务好，物流速度快，价格便宜,正面
收到了，非常满意，昨天看了，效果满意,正面
性价比最高，挺好用，值得购买，这是第二台了，很清楚很给力。,正面
用了一个多月才来评价，双十一活动的时候买的。电视很好！超薄！大小也正合适，再大一点家里就放不下了。不过没有用过会员卡，也没有看网络资源。谢谢！,正面
不错不错电视看的很好.不错电视看的很好呀.,正面
非常流畅，清晰度高，便宜！,正面
送货及时，送到后还细心帮我拆包装检查，问是否需要帮忙安装，Sony电视机的清晰度很棒,正面
大品牌 大屏幕 好的购物平台 放心！快递 安装都很给力 。家里装修 买新电视 家人们都很喜欢！还是一样 用了一段时间才来评价。京东五星好评,正面
产品质量很好,正面
机器刚买到家，装在客厅，清晰度不错，性价比还是很高的，支持国产！,正面
性价比比较高、看了几天了、没发现毛病、智能电视无广告,正面
反正不错，价格还便宜……,正面
性价比确实不错，而且送货速度很快，比在小米官网送货速度快多了,正面
还不错 满意 晒单： 收起 向左转 向右转,正面
物流很快，电视画面很清晰，长虹电视值得信赖，我家电视都是长虹的,正面
不得不给的发货速度点个赞，头天下单第二天就到了，送货小哥服务没得说———棒。货到了自己装上就试看了—下午，画质不错，有小试频看哈。其他还没试以后再来追评！,正面
名不虚传，效果可以，送货师傅的态度也不错，安装得正正的，漂亮,正面
虽然慢了点，但质量不错，爷爷很满意,正面
刚安装上，感觉很棒，质量还未试机，飞利浦大品牌应该能信赖，好评先!,正面
前年底2500买的1k普通液晶电视已经被家人惊呼便宜，这次1900买到49寸的4k智能液晶更是让老家亲戚大呼不可能，可惜这次是买给老人用，智能电视的广告和操作反而造成了使用障碍，希望系统可以更新个普通电视模式，方便年龄大的老人使用,正面
非常满意的一次购物。跟产品介绍的一样，功能强大，智能电视 ，画面清晰度很好，看着就是种享受。不多说了，看电视去。,正面
电视不错，清晰，大小刚合适，家人都很满意,正面
物流快，师傅安装快，信赖京东,正面
送货非常快，电视很清楚，老爷子很满意。安装师傅态度很好 晒单： 收起 向左转 向右转,正面
物流超快，今天下单，第二天就到了。安装师傅也很好加班来帮我安装，棒棒。电视机超划算，超值图像清。,正面
妈妈说还不错，挺好的。,正面
音响效果很好，画质清晰，很有档次感，价格不贵，真正的物美价廉！,正面
这货家人喜欢给赞赞赞,正面
非常快乐的一次购物，一直想找一个性价比高的4k电视。现在选住了风行的这款，首先画面真的没话说画面细腻清晰度高，声音效果也很棒，试了一下网络功能和里面的片子都是比较新的电影速度也不慢。宝宝很喜欢电视里的应用功能可以早教游戏会孩子教育很好。|送货速度没得说第二天就送到了。先用几天看看效果到时在上新图,正面
双十一下的单昨天才到货这也太给力了！终于等到你还好我没有放弃……师傅服务周到电视画质清晰各方面性能都很好，非常满意的一次购物小米电视新国货你值得信赖……给五星好评！,正面
清晰，非常不错,正面
撕膜的没有像别人说的会有胶粘在屏幕上。电视很清晰，当然要片源本身就清晰了。今晚就可以开心看英超了，嗨起来吧！,正面
电视清晰度很高，无框的看着上档次，高大上！安装师傅也很仔细！,正面
很好 画面清晰,正面
给老人买的，说是刚装上看了下挺好，不知道试用端时间会怎么样，期望用的住色彩好。,正面
此款电视质量很好，效果也很巴适，适合小户刑套房。价廉物美。,正面
收到了，看着还不错，没问题，挺清楚的，价格也很便宜,正面
非常好，值得购买哦……,正面
物流我很满意，质量没问题挺好的,正面
帮老人买的，创维老牌子值得信赖！,正面
好评，电视质量不错，京东服务也很好。,正面
很好双十一抢购的索尼大品牌应该是不错的选择,正面
京东，值得信赖的品牌！所有家电，家具都是京东购！家电到家了，还没有安装，好平台！值得信赖！,正面
服务很满意，商品也不错,正面
宝贝收到了，给家里老人买的，双11下的单昨天才收到20天有点慢，老人都说好呢，服务超满意直接送到乡村，不知道质量好不好了，待评价,正面
这款确实很划算，颜值也很高。屏幕比较柔和，看起来眼睛不会太累，清晰度也还可以，买给爸**新家，他们很满意 晒单： 收起 向左转 向右转 2017-12-22 13:02:03 追加： 电视摆在家里很大气有木有但是底座稍微有点不稳，家里有宝宝的建议装一个壁挂，这样比较安全。首次底座安装不收费，但装壁挂要加150，包括架子和安装费 收起 向左转 向右转,正面
虽然电视很小众，但质量真心不错，比小米电视A4好多了，虽然比不上客厅的索尼大法，但屏幕清晰，色彩艳丽，性价比非常好，关键以后还有升级的可能，十分满意。,正面
一直用小米 质量不错 信的过,正面
很清晰，也够大，电视很漂亮，很满意的一次网购，客服跟售后服务很周到,正面
快递速度真够快！！！昨天下午下单，不到半个小时就有客服联系确认收货地址，今天上午就到货了。这个必须点赞。今晚拆来装在客厅使用了一下，总体来说比较满意。无论是对电视的清晰度，还操作系统都比较满意，电影、连续剧、动画片都比较新而且片源也较多，全家都比较满意，希望质量没有问题，能用上十年八年的就完美了 晒单： 收起 向左转 向右转,正面
非常好,正面
单位购置，送货速度快，安装速度快，态度好。,正面
由于双11.所有发货速度比较慢，这点可以理解，但送货小哥的工作态度真的好一般，反而安装师傅的服务态度很好。值得一赞，机子整体做工严谨，装配质量很好，表面用料很足。总体来讲，作为国产机已经是一流水平。面板亮度合理，色彩柔和，也比较亮丽，精细度要看全高清电影或视频才能体验到它应有的性能！如果看体育运动就只能说合格了，毕竟一分钱一分货，但以这个价格能有如此性能和质量已经非常物有所值了。补充一下：如果该电视能有足够的耐用度，那就很不错，以上是我个人这两三天对机子的感受和意见，请看评论的别喷。,正面
电视不错，送货速度快，包装完好，自己安装调试的，很简单，开关机广告可以接受，唯一不好就是自带的软件不能看直播，给好评！,正面
物流快，东西没得说，就是安装有点坑，自备花架不给装，必须用索尼提供的，后来就自己装了哈,正面
炒鸡帅气的电视机，送货快，当天下午就到家，赞,正面
宝贝不错，服务也很好，家里面用的热水器，冰箱，洗衣机等都是海尔的,正面
不错！,正面
挺好的，暂时用着没问题,正面
很不错！,正面
性价比很高，还是对的起这个价格的。就是送货太慢了,正面
很喜欢的一款电视，画质清晰，音质优秀，胜价比跟同尺寸的绝对无敌。,正面
电视很不错,正面
再次买飞利浦电视，物美价廉,正面
前天下单，原本今天到，昨天晚上就收到了！京东就是飞一般的速度！打开包装电视很惊艳！三星屏，显示细腻！电视资源丰富！赞！安装师傅一个电话一个小时到！服务态度很好！真的物超所值！强烈推荐！,正面
物流送货很快，家里刚装修完，昨天安装师傅来给挂的电视，,正面
好，送货速度快，服务好。.3333333,正面
风行互联网电视收到已有一周，认真做出一下评价，京东配送效率奇高。农村网点全覆盖无死角，免费安装，免费调试。电视清晰自然，远超逾期，属于京东商城性价比最高的电视。操作简单，内容丰富多彩，老少皆宜的操作风格，风行值得拥有。下次要买就买风行的量子电视。介绍就是高大上。谁看谁知道。,正面
索尼电视机，效果不错，使用了几天，没见什么毛病、以后会继续支持索尼：,正面
还不错啊，够大个，送给刚搬新家的岳父大人的礼物，他很喜欢，画质不错，赞一个,正面
很满意的一次购物 不错,正面
大品牌就是好，腾讯视频看大片非常清晰！还支持第三方应用下载。买大家电还是上京东！！！,正面
很好！物流快服务好！,正面
电视挺好的，双十二活动买的价钱比较便宜，样式美观，全家都很喜欢！,正面
效果不错，支持国货，比我原来的夏普好,正面
电视怎么样还不知道。人在外地，感觉便宜是TCl产的，才买的，,正面
买给家里老人的，效果很好，服务也很好，乡下还送货上门。,正面
风行65寸和小米55寸放一起，大了好多，连接蓝牙音响，看电影舒服，特价抢购的，第三天就送到家了。,正面
"我是*购买的创维65H7，电视就是试了几个钟。本打算买65G8S的，最终还是选了这款！65h7，cpu是a73，内存ddr4，但是闪存可用只有*G。内存呢只有980M可用，电视机整体设计时尚，显示效果很惊艳，U盘上2K高清片源,清晰度算可以，色彩就是太鲜艳，看起来有点别扭，图片显示，也是4K高清图，色彩异常靓丽。手动升极了酷开6.07的系统，系统响应速度快。视觉无边框，无边界方显大视野；2GDDR4+8GFLASH，配置好电视才能运行快；电视外表整体做工还行，再有就是安装师傅态度好，晚上七点多来装，就是装上去后有一点点歪，买了安装师傅活动支架*元！自带的支架有点差！上面写的是32寸到55寸！京东购物可以，物流快！京东的价还可以，价格没买高，可以保价，另外有一点遗憾就是插连接线和U盘不方便啊，每次都得把电视移出来再插！电源线在右边，我插头在左边，线不够着，得另装插座！另外现在创维已经不支持U盘安装了，我装电视猫都不行了，自带应用市场，个人感觉有点少啊！早知道不升级系统就好了！",正面
双十一买的，安装师傅来装时说这电视机空全正品。目前为止没什么问题，清晰度也高的。大件电器都京东自营买的。,正面
4k清晰 接电脑很不错,正面
大电视，非常棒！比实体便宜。挂在新家很气派。客服热情，有问必答，是一次愉快的网购。会推荐给朋友。祝店家生意兴隆！,正面
不错～～～～,正面
刚收到货，看着很不错，用一段时间再来追评,正面
价格实惠,正面
性能不错，运作速度蛮快的,正面
不错，性价比高！图像很清晰，音质也可以！！！！,正面
物流快，价格低廉，适合老百姓，信赖，支持！,正面
画面色彩饱和度非常好，曲面电视的可视范围要比一般的平面电视更大，美感十足。整机的外观非常简洁大气。采用超窄微边框设计，搭配曲面屏在视觉上可以说令屏幕和边框无缝兼容，一眼看上去仿佛整个正面都是屏幕。电视的底座为三角金属镂空底座，初看感觉一般，甚至有点另类，但由于其高度相比其他底座要高出许多，搭配白色电视柜和背景墙显得越发简洁现代，299的额外价格虽然不便宜，但也算物有所值。总之，总价3600能拿下16g内存的55寸曲面屏，性价比非常出众。,正面
评论里有好多人有各种问题，买之前很担心，但是今天收到货都很完美，电视很大很漂亮，也很清晰，很流畅一点不卡，也可以安装第三方软件，总之这款电视值得购买，现在没有评论送会员了，所以不存强制评价了,正面
商品外观很漂亮，接口也很丰富。收到货后自己安装好座架试了一下，启动速度比较快，屏幕比较清晰，音质也比较好。少儿节目也比较丰富，连小孩子也很喜欢。总之对电视非常满意。更令人没想到的是，收到货后预约安装挂架，结果不到半小时，风行师傅就上门安装了，真是太神速了。本来以为小地方，没有风行售后，要好几天才能上门安装呢，真是太令人惊喜了 晒单： 收起 向左转 向右转,正面
很好用，物有所值。 晒单： 收起 向左转 向右转,正面
电视还是蛮好的，便宜的49 4k好用就好，据说要送的3年会员也蛮期待的 晒单： 收起 向左转 向右转 2017-12-21 21:15:54 追加： 送货速度很快，会提前预约，但改签好像只能修改日期。操作速度还是很快的，高清接口为hdmi2.0 不是简配的1.4，4k完美支持。 丈母娘家 找个电力猫支持iptv爽歪歪。 目前好像有广告，就等送的会员了。 收起 向左转 向右转,正面
小米电视很不错，看高清视频不卡，还能联网看，性价比高,正面
这个价位，能买这么大的电视，已经挺好的了！！！我们全家都挺满意的，就是不知道使用一段时间以后会怎么样！！！质量如何还得需要我们用时间来验证！！！如果有什么别的情况，我也会再和大家分享我的使用体验的！！！！ 晒单： 收起 向左转 向右转,正面
挺好的,正面
挺好的。,正面
不错，效果还挺好，用着再说，配送安装人员也不错,正面
该电视机海报宣传存在欺骗误导消费者行为，仅仅是一台机器而已，没有任何实际意义的应用，内置应用皆是通用应用，且不提供会员，都要付费的，产品音质一般，无3.5音频输出端子，提供的挂件结构不合理，驳接各种音视频线材很困难。 晒单： 收起 向左转 向右转,正面
挺好的，价格也挺实惠的哦！！！！！,正面
第一次买这么大的件，感觉挺好的，物流服务速度很快，发到县城用的是帮，按着也挺方便，没多一会儿就按上了。老爸老妈看着挺高兴的，就是放一会它就会卡了，死活不动了，一开始以为是网速慢，后来测了了一下，每秒7M，还是不播放，待会儿就好了，总体感觉用着挺好，再看看。,正面
第一次网上购买，外观很漂亮，质量也可以，连上无线视屏播放正常，速度快，缓冲迅速，画质很清晰，使用简单方便，界面更清爽，边下边看，高速流畅，无插件、不伤硬盘，从vcd到dvd，从网络电视到网络电影，清晰℃提高50%以上，大幅度提高启动速度。增加独立播放器模式，在登录时同样具备完整功能，并且不会影响点播的效果，以后怎样，过两年看吧，这次购买很划算，宝贝们赶紧下单吧,正面
电视机帮朋友买的，做工不错，希望质量可靠。,正面
电视非常好，色彩非常棒，清晰度很好，功能齐全，物美价廉，家人非常满意！,正面
给家里买的，挺不错的，爸妈很喜欢,正面
看上了 画面清晰 流畅 服务也很好 买了很久才申请的壁挂 服务好 很满意,正面
安装师傅给五星，服务态度超赞，还教怎么使用测试。65寸，放在大厅，大小正合适，画质还是很不错的。不得不说一句，索尼大法真的好。,正面
配送的很快，电视超薄，画质清晰，感觉很不错,正面
双十一买的，价格优惠！外观精致漂亮！ 晒单： 收起 向左转 向右转,正面
不错，质量保证，值得信赖！,正面
很不错，画面清晰。,正面
小米电视图像很清晰，功能很强大操作也很方便,正面
不错不错一直信赖京东物美价廉要多送点优惠劵就更好了,正面
第一次网上买这么贵的东西，各种焦虑纠结比较......谢谢客服的耐心解答，周五下单，周日就顺丰到家；谢谢安装师傅的专业，当天就过来安装调试电视，帮我打消疑虑，还帮我调试网络，真让人感觉温暖！电视质优价廉，商家服务周到，值得信赖，给一百个赞 晒单： 收起 向左转 向右转,正面
长虹电视，老牌子了。图像音质都比较清晰，这个价位很划算,正面
挺好的,正面
配上电信的高清机顶盒，很清晰。价钱合理该，时下该有的功能一应俱全，性价比高。,正面
不错、到货速度快！安装速度快,正面
电视质量不错，画面清晰，音质好，值得拥有！,正面
挺好的，非常满意。大品牌值得购买,正面
家里十多年前在我要求下开始支持国产品牌，索尼电视都换了创维，买过好多创维电视，这次试一下酷开，确实是比较低端，开机有广告，系统居然是16年12月基于安卓4.4.2的酷开5.5，而且限制很多，只能用自带的软件市场和当贝酷开专版装软件，而且存储空间只有可怜的4GB，运存768M，性能太弱，用了几天已经遇到多次卡机没反应只能拔电源的情况，智能部分就是鸡肋，只能当个普通电视用。屏幕效果中规中矩，需要娱乐功能还是要搭配个性能强大的盒子才行。补充一下，收到电视前后有4个安装师傅打来电话问要不要安装，我觉得很吃惊，插上电源就能用的东西，我也不需要挂墙，还想帮我安装出什么花样来？,正面
画面清晰色彩真实不错,正面
电视很不错，我喜欢,正面
价格便宜，质量非常耐用，买啦好几台啦,正面
的商品，值得信赖，价格优惠！,正面
物流挺快的，还提前预约电话，电视很漂亮！,正面
香蕉，芒果樱桃客服，服务棒棒哒,正面
不错，电视很棒,正面
非常不错 还没有正式使用 等使用之后再来测评,正面
电视非常清楚，用起来非常棒。,正面
第一次用小米电视，先给好评，支持国货,正面
电视不错，很漂亮，画质很好。,正面
电视不错 物超所值 给老妈买的 很满意 操作也简单 画面清晰,正面
已收到货，服务人员服务态度好 好评,正面
商品看起来不错，还没试不知道效果怎么样,正面
今天电视收到了，没想到比预想的要好，电视功能齐全，带网络功能可直接连接手机热点播放电影，棒极了，清晰度也比较高，由于我客厅比较小，49寸放客厅也刚合适，总之感觉不错，下次还买风行。,正面
性价比还不错，蛮好的，买了好多台了,正面
电视效果很好，摆在客厅大小合适 ，父母很喜欢。,正面
第一次网上买电视 之前也觉得TCL的东西都不错 很显然这次也没有让我失望 安装也简单我自己就搞定了 物流的态度也挺好的 有需要还会再来,正面
电视用了半个多月才评价，非常不错，屏幕表现力也很优秀。,正面
大品牌质量有保证.画面质量好,正面
京东快递很快捷！产品很好用！值得购买！,正面
发货速度快，质量很不错。还很便宜，值得信赖 晒单： 收起 向左转 向右转,正面
还挺不错的，分辨率也挺好的，给老爸老妈买的，大小挺合适，服务也特别好 晒单： 收起 向左转 向右转 2017-12-28 11:54:25 追加： 不错，老人孩子都挺喜欢的 收起 向左转 向右转,正面
选购电视真是看了好多好多，最后还是决定买创维，朋友都是这个牌子的，色度很柔和，很正，朋友用的好多年的一次没有出现过问题，看下它的美1：颜色很正 2：超薄（附有图片）3：外观超大气，朋友家55寸的看着比他们的大很多，这主要来自于这款无边框设计4：配上电信宽带看视频打游戏非常流畅 5：也没有过多的广告 6：操作非常简单 ，儿子四岁了都基本会选台了 7：我家客厅4.5米远，看着也是很大气，一点也不觉得小，8：连接我的BOX游戏机超级爽。马上双12了，大家可以放心抢购了 9：送货超级快，安装的架子也很人性化可以左右上下移动，点赞。,正面
电视非常好用，色彩很靓丽，卖家态度服务非常好。,正面
产品不错，性价比高，遇上双12就是物流比较时间常,正面
发货快，到货速度更牛掰，卖家很贴心，还送高清线和挂架，处处为买家考虑，服务态度也很好，LG的服务也很好，免费安装！必须强烈推荐给朋友,正面
早上下单下午就送来了，性价比高，没发现漏光和坏点，屏和主板三年保修推荐大家放心买，当然色彩和同尺寸七八千的机器有区别,正面
飞利浦值得信赖，用过再来追加评价。,正面
显示器我一直信赖三星，开了一个腾讯会员看的1080的视频，不错，好清晰，双12买的，价格个蛮合适，值得入手。但是要吐槽的是我这款不能看直播，要重新买个盒子。。。,正面
电视不错。主要是便宜,正面
宝贝质量优，做工精细，使用效果佳，快递服务好,正面
物有所值吧，毕竟这价位，出来第一年就用小米产品到现在,正面
第一次购买小米产品，外观漂亮，可惜家里网络未通，效果怎么样不得而知。,正面
非常棒,正面
"终于收到了,好开心，物流非常快，超级薄，设计完美，处女座的我都觉得很好看，放在卧室很舒服，躺在床上就可以看电视啦。价格也便宜，超级大。",正面
电视比想象中的要大，画面清晰，内容很丰富，尤其是能看体育直播，儿童节目很丰富，影视节目更新快，节目丰富，京东物流很给力，物有所值。真的超乎想象的好，家人都问要不要一万块，我都不好意思了，外观时尚高档，做工十分讲究，屏幕是三星高清4k屏幕，开机速度也非常快，非常薄，和我家里非常搭配，比上次买的夏普好多了。,正面
发货及时，质量很好,正面
很好 送货快 服务好 很满意 很好 送货快 服务好 很满意 很好 送货快 服务好 很满意,正面
今天安装好了，感觉还是很不错的，持续观察几天,正面
送货上门赞,正面
必须表扬安装师傅认真负责，安装技术没得说已经看上电视了质量应该不错再使用一下,正面
非常满意，?????,正面
物流很快，配送小哥服务很好，电视机效果也很好。,正面
下单后第二天电视就送到了，按装师傅服务很好，没有额外收费。电视效果比想像的好多了，图像清晰，操作流畅，看了几天没什么问题才来评价，这是一款性价比很高的电视机，给五颗星。,正面
电视性价比高啊,正面
不错！大小正合适，图像也很清晰！尤其是看高清节目时效果很好！,正面
质量优服务好,正面
不错不错，电视尺寸放到卧室里刚刚好，够薄够清晰，爸妈很喜欢！,正面
图像清晰，色彩自然，能上网，挂在墙上，挺方便，轻松看电视。,正面
电视不错 很好 小孩很喜欢,正面
非常满意，第一次买风行电视，以前还真不知道这个品牌，看了评价不错就买了，安装好一看，果真没有让人失望，物特别美价还特别廉，感觉比那些大品牌电视没什么两样，今后就买风行了。,正面
特别特别好，特别清晰，以后我还会选择索尼大法回来以后一看比其他品牌好多了,正面
货物已收到，物流很给力，送货很迅速，服务很满意，性价比很高,正面
送货和安装都很快，家人很满意,正面
好评，客服态度很好，我一直拿不定主意，还换了一次，都很耐心帮我解决！,正面
电视非常清晰，不错！,正面
电视不错！安装简单，高清很清楚,正面
服务很好，当场检测通电，电视也很好用，喜欢！值,正面
夏普电视一直口碑不错，五星好评！,正面
物流快，服务好，非常满意,正面
电视非常高端，送货师傅非常负责，晚上很晚了还坚持送货，艺术模式超赞,正面
第一次买风行的电视，觉得还不错，超窄边框看上去很时尚，43寸觉得大小正合适，看高清视频很爽，机器反应速度灵敏，比以前买的那个酷开快很多，U**接口位置好，总之还不错,正面
很好，京东自营产品快递[强]，正品,正面
电视很好，很大，效果也不错,正面
小米的不错性价比高。配送确实给力！强烈推荐！,正面
还没有拉网线，电视不错，希望能多用几年,正面
不错哦，秒杀很实惠的，58英寸，人工智能的超薄网络电视，清晰度都不错，值得购买 晒单： 收起 向左转 向右转,正面
自营，品质保证，推荐的！,正面
外观好看，又便宜，挺值的,正面
好，很好，非常好！,正面
也是非常的大，效果也很清晰，爸爸妈妈都非常的满意，这么大的电视，不怕老花眼了。性价比应该是65寸电视里最高的。 晒单： 收起 向左转 向右转,正面
大小合适，画面清晰，声音也够大，信号连接方便,正面
活动买的，比在实体店买的便宜,正面
电视已经收到了，效果很不错，相当好。画面清晰。相信品牌的力量。值得推荐。,正面
买了1个多月了，感觉非常棒，京东送货速度没得说，蹭隔壁的无线信号很好，无任何卡顿现象！儿童节目丰富，电视画面清晰，最重要的是还有4K片源，播放完全不卡，一点即播！花两千内买的4K电视挺超值的，喜欢的可以入手！,正面
联网方式多样：WIFI、热点、网线等；操作方便，买之前还担心操作复杂，没想到非常简单；送货快，昨天订单，今天上午到；服务好，现场帮忙开机通电，确保正常。 2017-12-28 16:01:40 追加： 补拍几张照片 收起 向左转 向右转,正面
电视不错，系统占用内存太多，剩系内存不到4个G看电视不到一周内存就用没了，得一键复位出厂设置，对于会的没问的人但对老人就难了。总体还好给好评。,正面
好东西，不错，加油！会再次购买,正面
发货很快，隔天就到货了，送货师傅态度也很好，支持京东！,正面
电视收到，安装的师傅很好，电视外形美观，画面也不错,正面
夏普的色彩真心不错,正面
电视特别好，很清晰，物流也很快，赞一个,正面
风行电视清晰度和音效都挺好，真是物美价廉，性价比高！,正面
还不错,正面
服务态度很好，产品质量不错！售后服务不错,正面
小米电视不错，无线接入挺棒的，感觉以后都不用电视盒子，蛮方便，就是感觉显示的并不是高清视频,正面
送货速度很快，电视很大，超薄，边框也窄。电源插头是可以贴这接线板插的，考虑的非常周到，电视后面还自带了收集线缆的装置。电视接口丰富，最关键的是4K电视，屏幕清晰，无亮点，完美屏。自带智能系统，不用再买各种盒子了。总之，物有所值，性价比很高！,正面
售后不错，就是东西出了点问题，还在处理了,正面
整体从操作上来说都非常好用,正面
电视，外观很漂亮，画面很清晰。是我想要的那款，想要的亲们下手了。五星好评。,正面
东西很不错，便宜又实惠！可以看电视，也可以选播电影！送了三个月会员，可以看很多4K的电影！家里人都很满意！,正面
真是太好了，反映快，清晰度高，音质也好里很，价格方面更不用说，送三年会员，卖家太好了，值值值值值！！！！！！！！！！！！,正面
不错 晒单： 收起 向左转 向右转,正面
非常好,正面
50寸的好大啊，比想象的大好多，遥控器手感很好，操作简单，电视很清晰，超薄的一个人就能安装，送货师傅很好，送上楼来还给调试了，赞一个，比商场便宜很多，超值！,正面
特别好，好大一个，超乎想象，画质也特别好,正面
这款电视全国最低，话面很清晰，声音也很好，我朋友圈的人看了，都叫我帮他们定，要买的速度了，绝对超值 晒单： 收起 向左转 向右转,正面
这款电视机超薄，高清，外观很大气，赞！快递也特别快，只是因为我们自己的原因，跟快递联系晚些天送货了，快递服务也非常好，再赞！！,正面
不错电视挺好的,正面
刚装修完房子，需要购买电视，看网上的评论风行电视挺不错，就在京东上定了一台，价格还挺实惠，以前一直用风行看视频…现在用上了风行电视机.送货很快，隔天就到了，超窄边框，做工精细，系统运行很流畅，比以前的电视好多了，资源也挺丰富的，想看啥都有，总之这么亲民的价格，绝对物超所值.,正面
不错，价格实惠，反应流畅，画质也非常清晰，好评推荐 晒单： 收起 向左转 向右转,正面
电视画质非常不错，比双11稍贵了点，不知什么原因连不上wifi。总体非常满意。,正面
刚安装好，看着还不错，画质也还行,正面
非常好,正面
1、去年双十一价格大概1800，今年由于面板等部件涨价2500。 2、电视需要配置，关机开机是个大问题，我作为一个IT从业人员，都感觉开机是个大问题，不管怎么设置，总是达不到你要的效果。需要改进：接通电源有指示灯亮，如果手开电视开关，不管其他怎么设置开通电视。 3、老人和非年轻人基本上不会用。都喊着要退货，可惜已经过了7天退货期，因为其他牌子的老人基本上插上电，按下遥控就可以看，这款电视只要你断电再开，有的受。 4、还遇到wifi问题，时不时不灵。需要电信调整dns解析，但我自己调整路由器dns设置，后续继续试用中。 　　支持国产牌子，看来路还长呀。,负面
不错，就是系统不太好，不适合老人操作,负面
除了开机慢点以外，其他都还能接受，基本算是物美价廉吧，京东自营的电器可以放心。唯一的遗憾是网络不行，无法刷卡支付。京东帮工作人员很给力，好评。,负面
除了开机有点慢，其他都挺好,负面
电视不错的，不过老爸老妈嫌系统麻烦，用了华数的机顶盒。。。浪费了会员呀,负面
电视很清晰，4k里面这个尺寸微鲸是最好的，没买电视机柜，直接干到墙上去，叔叔辛苦了。宝贝基本与卖家描述一致，就是开机有点慢?,负面
电视价格便宜 送货快 电视跟挂架是分开的到的 安装收100元 不错 就是开机要调信号源比较麻烦,负面
电视质量一般，看电视有点卡了,负面
东西不错，就是老人家不会用。,负面
发货快除开机有点慢，其他还行,负面
感觉不错，性价比不错，功能挺多，就是遥控器没有九键，有点不开森,负面
刚收到 开机有点慢,负面
购买的时候没有注意电视机参数，厚度太厚了，没有语音助手，分辨率真心不行！客观来说：这个价格不值得买这款微鲸！之前微鲸价格有优势，现在价格成一路上升趋势！买家购买时刻谨慎.2颗星主要给送货师傅的、态度非常好！有责任心！,负面
还可以吧。只能说一般，没有宣传的好，拿回家两天，总是死机，而且屏幕的想去不太好。,负面
价格不算太贵 但是开机实在是慢啊亲，，，，，，，，，，，，，，，，，，物流挺快,负面
今天就收到了，物流挺快的，画面清晰，就是没有标配语音遥控器是个遗憾，还有长须鲸客服棒棒哒??,负面
京东完美贴心的服务，快，此款电视机各位面都不错，软件按装放便，就是开机有点慢。,负面
就是开机有点慢，别的都还不错?,负面
开机有点慢,负面
开机有点慢，但是超清啊，可以直接连WIFI也很方便啊，能看的片子挺多的,负面
开机有点慢，而且略微有点卡，不知道是不是正常,负面
开机有点慢，用起来还行,负面
看了几天才评价，目前还不错，就是每次开机有点慢，估计没设好！先来个好评！,负面
看有线电视的时候有时屏幕会变得很大，下面字会显示不出来,负面
客服很好，电视款式不错，清晰度也不错，就是操作系统较麻烦点，连接网络需要自己动手下直播！！,负面
联网不行自动跳台很不满意,负面
目前用着，反映很慢…切换要黑屏好久,负面
首先说屏幕，采用群创的，显示效果没有优势，没法和同价位某米比，系统也不怎么样，开机不快，对显示效果要求较高的，不建议，但对于性价比来说还算可以，发货速度得赞一个，客服小虎鲸，独角鲸，小鱼鲸客服棒棒哒！物流服务也赞一个，比预定时间提前了一天送过来！,负面
说下我买微鲸的经历吧！本来不是很看好这个牌子，当时想买暴风X45，但是微鲸电视的设计征服了我，背部流线型设计真的不错，尤其那个防尘散热孔特别到位，底部引出的指示灯也深得民心。不过细节之处仍然需要加强，大家可以看图二是有很大缝隙的。配置中等毕竟15年产品 买电视主要还是买屏幕 以后可以买电视盒子 但是系统优化非常好基于安卓5.0.2深度定制 体验这么久基本无卡顿 开关机没有任何广告 开机10S 关机5S 差不多这个样子 屏幕物理分辨率确实是4K 是不是LG原装屏幕我没检测出来 但是是硬屏 是RGBW 4色伪4K 有轻微中间亮4周暗的情况（可以接受）不过漏光控制的不错 色彩的话轻微发白 值得一体的是遥控器手感特别棒 既不是红外也不是2.4G 而是采用了成本更高 功耗更低的蓝牙 语音识别也很准确 虽然我不用底座 但是底座质感非常好 配了扳手多给了一颗螺丝钉也很用心 Wi-Fi模块不是很好 网速衰减很严重 但是从来没有出现过开机连接不上的情况 我安了有线网络之后又了一定的提升 我100M的网络 有线网络在3MB左右徘徊 很是无奈 开始收到的坏机器（见图一）联系老板之后也得到解决了 老板为人厚道,负面
挺好的，就是开机有点慢,负面
我觉得这款电视机吗整体来说真的还不错，性价比，还可以，但是我看到，评论上有人说，2400多份2600多就买到了，我买的是2898，应该是2900块钱，整体来说虽然价格比之前高了一点，但是还是蛮划算的嘛，另外，开机，第一天到还好，第二天开机的时候在途中第二页，停顿了大概三分钟左右时间，确实挺麻烦的,负面
系统不行 老是死机,负面
用了几天东西还是不错的，除了开机有点慢之外，毕竟只有1G内存，其他基本没啥毛病。,负面
之前坏了，免费换的，感觉反应好像慢点，先用到时再看,负面
总体感觉不错，够清晰，效果不错。开机有点慢，要个几分钟。还有就是听说比前几个月贵了几百块。。。,负面
最烦就是歧视32寸的，遥控器是红外线的，其他型号都是蓝牙的，可以配对，现在操作起来很不方便,负面
"4.5故障,下午报修 4.6微鲸上门检测出具报告,装箱打包 4.7京东换货完毕 感觉暗了点,色彩不如原来",负面
55寸电视很大气，声音效果相当不错，同类电视里面声音效果绝对是上等，画面的画质也不错，就是用蓝光效果看电影动态效果微有拖影，本来想买55寸曲面的，有个动态效果加速，反正也没有比较过，感觉在这个价位里面应该也是处理的最好的了吧，整体效果不错，非常满意，看系统资源的东西没有广告挺好的。但是开机时间有点长，语音的识别不是很准确，逻辑不是很清晰，希望以后系统更新能加强。也是看到很多评论说这个互联网电视不错，所以在小米、乐视、微鲸里面选了微鲸，接下来就是看电视能用多长时间了，希望中国制造越来越好。,负面
帮朋友的家人买的，分辨率低到不要不要，1366×768也是醉了，应该是供应链上08年标准的面板。不过其他的牌子也都这样，好处是系统可以，配置也不错，对于1298来说，如果是2G运行就更好了,负面
不行，画质太差了。便宜没好货！,负面
差评，电视上有两个坏点，上门看了之后说国家规定三个点是良品，京东不换不退不修，垃圾电视垃圾京东！,负面
除了有漏光问题，其他都挺好，响应速度很快，系统也稳定，目前没有出现什么软件停运问题。,负面
第二台微鲸电视，性价比高，轻微漏光，比去年贵了不少,负面
第一次商品有一个坏点，看了没多久无法开机，第二次两个坏点，售后说不算故障~~可购买前咨询过商家承诺是无坏点的！期待这个能用的住吧~,负面
电视不错，清晰度还算可以，最底部往上有稍微漏光，4K资源没有就试不出。希望质量有保证，使用长久点。支持新兴品牌。快递小哥服务好。,负面
电视感觉还好吧，有点轻微的漏光，总体感觉还好毕竟一分钱一分货嘛！,负面
电视刚安装好，说实话，画质不怎么样,负面
电视功能不错，速度很快很好。可以自定义安装软件。唯一不满意是液晶显示不够艳丽，颜色偏黄偏暗。再继续看看后续希望能适应…,负面
电视还可以，晚上看着有漏光的地方，但是不耽误看，对得起这个价格,负面
电视还可以吧，清晰度一般般，可以装软件看直播，不过没法自己换主页，进入自己安装的应用也比较麻烦，没有手机那样直观，电视自带的系统资源还是有不少，不过有些需要开通VIP才能看，总体来说还行吧，物有所值了！,负面
电视还可以就是有点漏光，千多元就不挑了懒得换。,负面
电视很便宜，只要1三四九就能入手，真心值，除了有点小漏光，系统流畅。,负面
电视很清楚 .就是底下有点漏光 总的来说还不错吧,负面
电视送的很快昨天下单，今天早上就送到家了。电视看起来做工好，屏幕没有看到漏光。用机顶盒看的节目，分辨率和家里的旧电视看着是有差别。继续观察了。,负面
电视挺大的，就是不太清晰。有那种颗粒的感觉。家里人挺喜欢的。物流有点慢。,负面
订单下了，物流很快第二天就到了，师傅小心翼翼的拆开我看，还可以，声音比较大，屏幕还是很清晰的就是资源少了一点送了六个月的会员，屏幕表现和暴风t v55X 差不多，四色4k，快速镜头有拖印，有漏光，但是我不在乎。就看后面表现了，希望能一直看下去，持续评论中。,负面
都说康佳的电视好比海尔的好，没有对比就没有伤害，先是自己家买了个海尔模卡1080P的电视，这台康佳是买给岳父加的，价格海尔的贵着400元，但这个是4K。从显示效果上看，海尔模卡1080P，完胜这台，无论从色彩还是清晰度。这个看着屏幕有影，有影。凭良心说话。,负面
对比了小米、乐视、海信，最终选择了微鲸。到货很快，京东配送人员服务也很好。55寸的放在客厅很合适，安装很简单，自己安装的，电视清晰度挺高的（当然前提是网速得好），音响效果挺不错的，晚上开的时候能看到漏光现象，可以直接连接无线，很方便，送了一年的会员可以看4K和蓝光，资源挺丰富的。最后，希望可以用的久一点吧,负面
分辨率太差了，远处都看不清。,负面
还行，但是屏幕感觉显示有问题,负面
还行，买了两台，这台屏幕上方有漏光现象，保留售后权利。望加强品控！,负面
还好，就是转TV看的时候清晰度不够，安装的师傅说是机顶盒问题，还有就是看电影等需要开通会员才可以看，不过商家免费送了6个月会员还可以。,负面
还可以 右下角有点漏光。,负面
还是不错的，满意。价格便宜啊，上图。但做显示器的话4K也不行啊,负面
画质不行，其他都还OK，这个价格也就这样了,负面
畫面有點失望，同樣的片源在公司里面的同樣分辨率的樂視和小米上面表現更好，白天色彩不鮮豔，在操作上不夠智能，操作介面也不方便，就想播放時不能調色彩和音效，電視自帶音響比樂視好，其他表現一般,负面
京东物流可靠，包装严实。漏光证明了ips血统，全黑之下比较明显但不算严重。就冲着这个屏就值回票价，色彩的还原和过度原胜台湾屏的机型，随机智能系统比较傻瓜，希望能提供工厂模式的入口，方便调节hdmi输入的偏移,负面
久闻微鲸电视大名，最近有朋友要买电视，就推荐一下，乐视最近新闻很多，感觉快不行了，小米涨了好几百，超朋友预算。这款是新出的，价格比去年那款还便宜，注定了这款是缩水版。由于没通广电，只试了几个视频。画质方面，亮度一般，画面平面化，色彩平淡，上下有漏光，动态很一般。朋友只求耐用，其他没啥要求,负面
开箱，验货，通电，试机。京东的配送很满意。不上墙，自己安装，十分简单。目前用下来，没有不好的地方，遗憾的是有线的信号分辨率太低了，没有显示出4K的优势。其他问题只能等用一段时间后再评论了。,负面
快递师傅帮搬好和装上去，太感谢了！还行这个价位特挺清晰的喇叭没评论说得那么垃圾各种看电影连wifi网络看都行游戏也能玩，就是感觉遥控器不够灵敏，第2天看有种卡屏成一条条横条纹 不知道是显示器问题还是网络问题。用数字电视看的时候觉得很模糊，后来师傅说是因为数字电视没升级到高清的缘故，切换各种电影时确实很清晰。本来打算买平板但是男朋友说不如这个实用，总体比较满意 谢谢独角鲸哦很耐心解答疑虑。唯一不足下单后发现忘了拍多个运费险办理退款打算重新拍，人工客服都不在线就自己申请退款，神奇的是半小时不到就给我发货了，还好电视机没破损什么不用办理退换货。,负面
两个角落漏光严重，希望质量好点吧…………,负面
亮点 漏光,负面
漏光在可接受的范围内这价位可以,负面
买的时候犹豫了很久 怕京东方的屏幕会不好 但是到货的时候松了口气 屏幕很清晰 检测了一下 少许漏光可以忽略不计 也没有坏点 不满意的地方是微鲸的资源有点少 而且白金会员还有好多东西都看不了 语音蓝牙遥控器也没有标配 内存不知道为什么才有12G 微鲸的操作界面还是挺干净利落的,负面
"买回来才知道是4色4k,伪4k你为什么不在介绍里面讲清楚？明明是便宜的屏幕，硬说成高大上，画面色彩太淡，蒙蒙的感觉，不艳丽。和原来海信的比起来太差，全黑色能把房间照亮，漏光也太严重了吧。还有就是才几天你就降价了。",负面
买来做显示器用的，调试一下后能用，分辨率低就地点吧,负面
买这款主要是冲4K屏和性比价来的 开机后仔细看了一下屏幕 颗粒感比一般电视的要小的多 也没有出现其他网友所说的漏光现象 硬件上面由于才使用还没什么感觉 先使用一段时间在来评价,负面
清晰度还是稍微差了点。但是这个价位也挺可以的了，说的送腾讯会员。。这个有点坑。根本就不是。只是跟腾讯合作可以播放一些腾讯会员的资源而已,负面
清晰度很一般，感觉还没以前买的创维清楚,负面
"确实有点漏光，4K级显示，文字已经很难区分了,只能说免费够4K",负面
色彩暗淡，怎么调都是一样，厂家能否升级系统编辑下色彩配色，其他都还可以，系统流畅，腾讯视频不能看NBA，和小米盒子一样滴，价格便宜性价比还可以。,负面
色彩包牠度太差没有语音摇空功能,负面
色彩一般，都是这样货,负面
闪屏。换了新的，快递员上门换的，态度很好，试了新机子后才走的。售后很到位，好好好。,负面
送货快，但是电视颜色画质不是很理想，申请退货了。,负面
送货速度快，屏幕有些漏光。电视系统很好，无广告。价位相比去年涨的有点多，不过大家电，基本要用到5-6年，折算下来每年也没多少。希望后期使用质量能过关,负面
挺好用的，系统也很智能。可以自动识别切换输入设备。在线看视频有小小的拖影，习惯后并不明显。接口丰富，USB外接硬盘播放4k无拖影和卡顿。玩游戏还是用专门的显示器吧，电视玩游戏体验并不好…… 系统体验5星 画面5星 播放体验4星 玩游戏3星,负面
外观和边框没问题，智能电视功能也齐全，只有一点不满意就是分辨率不够，在43寸屏幕下显得图像不清晰，小字看不清。,负面
外观很不错，屏幕大，就是看普通数字电视，画面清晰度不行。,负面
物流还是那么快，第二天到货，包装也完好，当天就安起了，但是有个问题就是每次待机过后开机时间很长，不知道是什么原因。电视还是很漂亮的，但是上边有点弯曲，是正常的吗？还有就是弯曲的地方有漏光，说实话，不怎么好。,负面
物流挺快的，两天就到了，电视用了一段时间再来评价，电视的系统挺流畅的，界面也比较简洁，歌曲的mv画质太差了，软件的资源也比较少，总体来说，还是挺不错的，安装比较简单，适合家里人用,负面
